student_id,name,email,attendance_percentage,quiz_average,assignment_average,midterm_score,participation_score,study_hours_per_week,previous_gpa,final_score,final_grade,pass_fail
STU00001,Emma Smith,emma.smith@student.edu,91.97,100.0,91.89,92.11,10,11.6,3.1,97.1,A,Pass
STU00002,Mia Davis,mia.davis@student.edu,77.96,81.01,94.01,60.73,5,13.2,2.52,73.94,C,Pass
STU00003,Joseph Jones,joseph.jones@student.edu,71.88,66.26,100.0,77.94,8,11.6,2.19,75.56,C,Pass
STU00004,James Thompson,james.thompson@student.edu,70.86,87.16,81.64,77.9,7,11.4,2.47,84.86,B,Pass
STU00005,Andrew Williams,andrew.williams@student.edu,92.18,70.36,92.1,57.94,6,7.4,2.79,75.52,C,Pass
STU00006,Abigail Johnson,abigail.johnson@student.edu,85.06,85.08,78.9,73.25,8,13.2,3.24,83.24,B,Pass
STU00007,Jane Williams,jane.williams@student.edu,88.27,76.82,79.67,88.2,10,5.0,3.01,87.21,B,Pass
STU00008,Isabella Davis,isabella.davis@student.edu,84.79,96.5,85.0,87.15,7,9.4,2.3,83.29,B,Pass
STU00009,Paul Martin,paul.martin@student.edu,85.72,100.0,100.0,88.76,10,18.0,3.29,99.66,A,Pass
STU00010,Jane Moore,jane.moore@student.edu,57.7,94.99,90.99,82.04,8,17.8,2.78,77.7,C,Pass
STU00011,Richard White,richard.white@student.edu,98.12,85.98,89.12,83.14,10,12.8,2.67,90.26,A,Pass
STU00012,Andrew Wilson,andrew.wilson@student.edu,83.38,99.66,86.01,86.68,8,13.0,2.48,84.2,B,Pass
STU00013,Joseph Anderson,joseph.anderson@student.edu,84.94,85.67,79.33,77.52,8,13.0,2.98,78.96,C,Pass
STU00014,Mia Lewis,mia.lewis@student.edu,100.0,95.12,100.0,97.08,6,13.0,2.7,93.97,A,Pass
STU00015,John Clark,john.clark@student.edu,82.26,98.3,99.33,80.31,10,20.0,2.84,94.08,A,Pass
STU00016,William White,william.white@student.edu,100.0,72.09,99.78,100.0,8,8.9,3.27,89.27,B,Pass
STU00017,Abigail Hernandez,abigail.hernandez@student.edu,68.79,81.17,74.72,82.27,6,9.7,2.86,80.51,B,Pass
STU00018,Mia Jones,mia.jones@student.edu,89.79,71.54,93.58,100.0,6,9.4,2.33,86.3,B,Pass
STU00019,Isabella Clark,isabella.clark@student.edu,72.41,70.92,96.98,85.5,9,15.0,2.96,84.25,B,Pass
STU00020,Amelia Brown,amelia.brown@student.edu,84.89,78.61,100.0,94.58,6,11.7,2.39,89.0,B,Pass
STU00021,Sarah Gonzalez,sarah.gonzalez@student.edu,92.66,81.53,100.0,96.51,10,13.6,2.22,99.1,A,Pass
STU00022,James Lopez,james.lopez@student.edu,74.37,70.81,84.83,81.57,9,8.3,2.65,81.94,B,Pass
STU00023,Matthew Martin,matthew.martin@student.edu,81.39,100.0,100.0,85.14,6,17.4,2.81,90.94,A,Pass
STU00024,Thomas Lewis,thomas.lewis@student.edu,88.06,89.73,87.14,68.67,8,14.2,2.67,85.16,B,Pass
STU00025,Michael Harris,michael.harris@student.edu,86.37,87.41,78.95,85.82,9,6.9,2.93,81.57,B,Pass
STU00026,Elizabeth Moore,elizabeth.moore@student.edu,95.9,100.0,84.27,80.7,10,14.3,3.01,92.17,A,Pass
STU00027,Emma Gonzalez,emma.gonzalez@student.edu,91.25,100.0,100.0,100.0,8,20.0,3.11,98.97,A,Pass
STU00028,Sarah Moore,sarah.moore@student.edu,76.83,83.76,100.0,64.59,10,9.7,2.34,78.77,C,Pass
STU00029,Charles Robinson,charles.robinson@student.edu,83.23,77.42,88.2,91.73,7,15.4,2.52,84.47,B,Pass
STU00030,Harper Jackson,harper.jackson@student.edu,100.0,96.66,73.8,90.6,8,9.0,2.83,90.82,A,Pass
STU00031,Richard White,richard.white@student.edu,86.67,96.58,79.19,83.29,8,10.2,2.32,83.81,B,Pass
STU00032,David Johnson,david.johnson@student.edu,76.69,99.36,100.0,100.0,5,15.3,3.86,89.89,B,Pass
STU00033,Joseph Clark,joseph.clark@student.edu,92.24,97.26,83.69,90.05,3,10.3,3.56,81.51,B,Pass
STU00034,Charles Williams,charles.williams@student.edu,99.57,69.01,86.78,83.93,10,6.3,2.65,80.56,B,Pass
STU00035,Joseph Brown,joseph.brown@student.edu,77.67,91.88,93.33,81.82,9,13.0,3.5,86.25,B,Pass
STU00036,Anthony Rodriguez,anthony.rodriguez@student.edu,100.0,79.53,100.0,66.44,9,14.4,2.87,87.26,B,Pass
STU00037,Elizabeth Lee,elizabeth.lee@student.edu,82.76,78.36,83.38,92.29,9,9.4,2.97,82.84,B,Pass
STU00038,Harper Garcia,harper.garcia@student.edu,94.83,99.91,89.07,87.27,10,13.9,3.34,95.12,A,Pass
STU00039,Harper Lopez,harper.lopez@student.edu,96.71,83.96,100.0,90.3,9,12.0,2.79,95.37,A,Pass
STU00040,Isabella Thompson,isabella.thompson@student.edu,99.53,95.96,100.0,94.26,10,15.8,3.3,97.09,A,Pass
STU00041,Mia White,mia.white@student.edu,76.11,100.0,81.87,72.19,10,14.1,2.86,87.3,B,Pass
STU00042,David Martin,david.martin@student.edu,85.75,79.82,96.35,78.81,10,14.9,3.17,86.17,B,Pass
STU00043,William Moore,william.moore@student.edu,85.65,78.26,81.8,84.32,9,9.3,2.3,81.42,B,Pass
STU00044,Sophia Garcia,sophia.garcia@student.edu,68.11,65.51,80.21,69.13,9,12.0,2.52,77.35,C,Pass
STU00045,Elizabeth Gonzalez,elizabeth.gonzalez@student.edu,86.38,75.87,92.72,80.96,9,12.0,3.31,81.86,B,Pass
STU00046,Mia Lee,mia.lee@student.edu,84.47,98.52,100.0,91.08,9,18.4,3.11,94.11,A,Pass
STU00047,Madison Davis,madison.davis@student.edu,84.54,89.96,100.0,100.0,10,8.6,2.86,92.87,A,Pass
STU00048,Daniel Robinson,daniel.robinson@student.edu,100.0,83.68,89.98,81.67,5,13.4,3.32,82.26,B,Pass
STU00049,Emily Davis,emily.davis@student.edu,85.14,100.0,100.0,89.53,7,11.3,2.34,93.63,A,Pass
STU00050,Michael Lewis,michael.lewis@student.edu,91.83,89.26,82.76,100.0,9,17.3,2.01,94.49,A,Pass
STU00051,Daniel Gonzalez,daniel.gonzalez@student.edu,79.27,81.63,81.57,89.23,6,7.3,1.84,80.57,B,Pass
STU00052,Mia Williams,mia.williams@student.edu,91.48,77.75,80.9,98.37,10,13.8,2.87,85.73,B,Pass
STU00053,Isabella Jackson,isabella.jackson@student.edu,100.0,94.73,100.0,100.0,9,13.9,3.73,100.0,A,Pass
STU00054,Daniel Miller,daniel.miller@student.edu,76.29,98.97,100.0,71.98,6,17.8,3.19,79.06,C,Pass
STU00055,Sofia Gonzalez,sofia.gonzalez@student.edu,98.22,94.5,100.0,79.5,6,14.1,2.64,89.07,B,Pass
STU00056,Elizabeth Jones,elizabeth.jones@student.edu,64.48,80.2,73.23,82.97,8,11.9,3.03,73.95,C,Pass
STU00057,Thomas Jones,thomas.jones@student.edu,81.83,92.76,76.44,90.6,8,6.7,2.49,82.84,B,Pass
STU00058,Sophia Harris,sophia.harris@student.edu,78.14,66.4,100.0,82.65,7,7.3,2.74,81.62,B,Pass
STU00059,Madison Moore,madison.moore@student.edu,89.8,96.61,87.22,84.01,8,10.6,2.73,81.52,B,Pass
STU00060,Thomas Harris,thomas.harris@student.edu,95.9,91.03,100.0,99.64,10,15.2,1.89,100.0,A,Pass
STU00061,Abigail Jackson,abigail.jackson@student.edu,67.55,80.33,75.33,57.28,7,7.6,2.72,67.12,D,Fail
STU00062,Evelyn Lopez,evelyn.lopez@student.edu,88.98,100.0,99.62,86.45,10,17.2,3.81,96.48,A,Pass
STU00063,Joseph Jones,joseph.jones@student.edu,72.13,64.64,95.5,100.0,5,9.6,2.18,82.54,B,Pass
STU00064,Paul Thomas,paul.thomas@student.edu,76.12,71.34,87.19,67.84,9,8.9,2.41,76.86,C,Pass
STU00065,Sarah Clark,sarah.clark@student.edu,77.52,90.0,90.95,75.17,9,7.7,2.66,86.91,B,Pass
STU00066,Emily Brown,emily.brown@student.edu,72.37,90.33,80.85,59.48,5,11.8,1.8,73.66,C,Pass
STU00067,Olivia Lee,olivia.lee@student.edu,91.17,65.71,89.98,64.77,8,8.3,2.96,76.93,C,Pass
STU00068,William Lewis,william.lewis@student.edu,91.48,79.55,99.83,75.36,10,9.0,2.28,91.73,A,Pass
STU00069,Abigail Martin,abigail.martin@student.edu,82.36,77.72,88.86,75.25,9,5.4,1.32,81.34,B,Pass
STU00070,David Gonzalez,david.gonzalez@student.edu,90.88,86.34,91.41,83.65,10,14.0,3.5,87.72,B,Pass
STU00071,Anthony Martin,anthony.martin@student.edu,93.58,94.16,100.0,91.08,5,20.0,2.97,87.32,B,Pass
STU00072,Elizabeth Taylor,elizabeth.taylor@student.edu,78.57,100.0,89.79,88.78,10,7.9,1.68,84.8,B,Pass
STU00073,Thomas Moore,thomas.moore@student.edu,69.92,99.67,94.33,86.18,9,15.0,2.94,96.34,A,Pass
STU00074,John Thompson,john.thompson@student.edu,79.95,76.6,100.0,75.5,9,12.8,2.91,82.58,B,Pass
STU00075,Emma Thompson,emma.thompson@student.edu,95.81,86.13,94.55,78.71,8,13.5,3.09,88.35,B,Pass
STU00076,Andrew Clark,andrew.clark@student.edu,94.97,100.0,96.44,100.0,8,8.8,3.25,92.62,A,Pass
STU00077,Mia Clark,mia.clark@student.edu,85.21,90.34,98.81,78.07,10,15.4,1.73,89.98,B,Pass
STU00078,Amelia Brown,amelia.brown@student.edu,89.14,94.06,88.47,96.97,10,14.6,2.87,97.28,A,Pass
STU00079,Charles Wilson,charles.wilson@student.edu,78.88,83.62,90.69,99.73,5,11.5,3.76,89.93,B,Pass
STU00080,William Anderson,william.anderson@student.edu,73.4,61.87,94.96,78.36,6,9.7,2.71,71.92,C,Pass
STU00081,John Harris,john.harris@student.edu,80.4,73.95,94.53,79.93,3,17.9,2.6,77.0,C,Pass
STU00082,Thomas Taylor,thomas.taylor@student.edu,100.0,100.0,96.42,84.18,10,14.1,2.66,95.33,A,Pass
STU00083,Ava Taylor,ava.taylor@student.edu,86.02,85.59,86.59,78.97,9,11.5,2.81,83.06,B,Pass
STU00084,James Lee,james.lee@student.edu,79.31,100.0,63.45,95.43,10,11.2,2.37,80.4,B,Pass
STU00085,Charlotte Robinson,charlotte.robinson@student.edu,68.9,71.04,74.27,94.68,10,9.7,2.59,84.15,B,Pass
STU00086,Paul Martin,paul.martin@student.edu,80.92,88.1,75.0,90.69,8,7.9,3.23,82.46,B,Pass
STU00087,Richard Jones,richard.jones@student.edu,82.52,100.0,83.18,97.78,10,14.2,3.23,91.69,A,Pass
STU00088,Harper Clark,harper.clark@student.edu,94.22,83.03,85.03,99.7,8,7.0,3.0,84.85,B,Pass
STU00089,William Moore,william.moore@student.edu,66.53,100.0,66.29,100.0,8,12.2,1.87,84.26,B,Pass
STU00090,Ella Smith,ella.smith@student.edu,81.99,100.0,93.28,95.66,8,12.5,2.47,92.36,A,Pass
STU00091,Daniel Thomas,daniel.thomas@student.edu,71.44,85.48,83.27,79.4,8,5.1,2.98,81.8,B,Pass
STU00092,Jane Brown,jane.brown@student.edu,84.34,71.4,92.22,60.18,10,7.8,2.48,80.02,B,Pass
STU00093,Harper Robinson,harper.robinson@student.edu,100.0,100.0,82.43,76.34,8,15.8,2.95,87.77,B,Pass
STU00094,Charlotte Davis,charlotte.davis@student.edu,87.42,76.48,84.43,63.56,7,9.3,3.11,72.18,C,Pass
STU00095,Emily Davis,emily.davis@student.edu,71.58,100.0,96.05,95.14,6,14.6,2.21,91.63,A,Pass
STU00096,Sarah Williams,sarah.williams@student.edu,100.0,90.24,100.0,86.96,9,11.4,2.45,98.61,A,Pass
STU00097,Sofia Robinson,sofia.robinson@student.edu,89.2,88.11,100.0,100.0,10,18.1,2.42,90.7,A,Pass
STU00098,David Clark,david.clark@student.edu,81.07,91.51,90.84,71.79,9,9.7,2.36,86.53,B,Pass
STU00099,Andrew Clark,andrew.clark@student.edu,94.02,100.0,99.1,76.85,10,16.6,3.14,93.71,A,Pass
STU00100,Robert Jones,robert.jones@student.edu,74.0,91.66,83.62,93.77,8,6.8,2.96,86.45,B,Pass
STU00101,Steven Moore,steven.moore@student.edu,87.78,81.45,87.65,81.17,9,10.7,3.36,83.3,B,Pass
STU00102,William Rodriguez,william.rodriguez@student.edu,85.9,80.02,100.0,91.74,10,9.5,3.55,86.37,B,Pass
STU00103,Ella Martin,ella.martin@student.edu,85.62,100.0,90.99,100.0,10,15.5,2.96,94.5,A,Pass
STU00104,Abigail Miller,abigail.miller@student.edu,98.46,90.14,97.21,90.97,7,16.9,2.53,88.6,B,Pass
STU00105,Andrew Clark,andrew.clark@student.edu,80.64,84.33,100.0,76.88,10,7.3,2.2,86.76,B,Pass
STU00106,Richard White,richard.white@student.edu,72.62,90.62,92.69,94.25,9,14.2,2.77,96.65,A,Pass
STU00107,Charlotte Gonzalez,charlotte.gonzalez@student.edu,75.86,74.8,80.09,92.59,10,8.7,2.42,81.54,B,Pass
STU00108,Harper Anderson,harper.anderson@student.edu,75.98,92.88,92.31,69.57,10,12.5,2.3,90.47,A,Pass
STU00109,Ella Anderson,ella.anderson@student.edu,85.02,88.83,96.41,100.0,8,9.3,2.43,89.67,B,Pass
STU00110,Emma Davis,emma.davis@student.edu,79.53,100.0,80.7,91.1,8,7.0,1.97,91.45,A,Pass
STU00111,Joseph Williams,joseph.williams@student.edu,85.11,99.94,99.23,100.0,10,11.9,4.0,96.48,A,Pass
STU00112,Amelia Smith,amelia.smith@student.edu,93.98,100.0,100.0,100.0,10,16.7,3.15,100.0,A,Pass
STU00113,Madison Davis,madison.davis@student.edu,95.56,80.85,99.34,86.08,9,12.0,2.7,93.74,A,Pass
STU00114,Joseph Smith,joseph.smith@student.edu,70.97,92.26,94.76,100.0,7,12.0,2.91,90.06,A,Pass
STU00115,David White,david.white@student.edu,83.8,96.7,100.0,97.86,8,18.2,2.95,94.79,A,Pass
STU00116,Emily Davis,emily.davis@student.edu,88.55,76.95,100.0,68.69,8,8.8,3.44,83.82,B,Pass
STU00117,David Johnson,david.johnson@student.edu,83.14,100.0,78.68,59.52,10,13.2,3.74,80.51,B,Pass
STU00118,Amelia Williams,amelia.williams@student.edu,83.37,81.45,80.42,92.76,10,13.2,2.19,85.87,B,Pass
STU00119,Paul Davis,paul.davis@student.edu,74.28,73.52,86.37,81.97,8,9.5,3.91,80.66,B,Pass
STU00120,Mia Thompson,mia.thompson@student.edu,79.42,100.0,98.13,100.0,10,15.9,2.05,97.79,A,Pass
STU00121,Sofia Miller,sofia.miller@student.edu,87.89,100.0,98.16,100.0,8,17.7,3.19,100.0,A,Pass
STU00122,Andrew Jones,andrew.jones@student.edu,85.16,73.2,94.78,75.74,8,5.8,2.78,76.04,C,Pass
STU00123,Steven Davis,steven.davis@student.edu,66.8,80.53,84.26,84.81,6,1.4,2.53,78.28,C,Pass
STU00124,Steven Lewis,steven.lewis@student.edu,99.02,97.2,89.46,94.82,10,7.0,2.8,89.1,B,Pass
STU00125,Mark Miller,mark.miller@student.edu,73.24,77.17,100.0,93.85,7,8.6,2.65,87.46,B,Pass
STU00126,James Brown,james.brown@student.edu,88.79,85.85,100.0,97.22,10,17.0,3.64,95.99,A,Pass
STU00127,Abigail Lopez,abigail.lopez@student.edu,100.0,93.09,100.0,88.28,10,10.7,3.43,95.94,A,Pass
STU00128,Abigail Wilson,abigail.wilson@student.edu,78.84,87.63,92.76,80.47,8,8.9,2.41,91.47,A,Pass
STU00129,Elizabeth Harris,elizabeth.harris@student.edu,89.56,93.73,100.0,82.11,8,15.4,3.84,85.39,B,Pass
STU00130,Emily Thompson,emily.thompson@student.edu,80.37,100.0,81.52,69.64,9,14.7,3.04,86.99,B,Pass
STU00131,James Johnson,james.johnson@student.edu,99.84,91.27,95.01,100.0,10,11.8,3.81,91.82,A,Pass
STU00132,Evelyn Harris,evelyn.harris@student.edu,82.17,98.29,100.0,99.14,8,18.9,3.69,92.67,A,Pass
STU00133,Amelia Lewis,amelia.lewis@student.edu,89.36,88.62,100.0,56.29,10,16.3,2.78,79.41,C,Pass
STU00134,James Davis,james.davis@student.edu,69.97,91.61,78.0,86.34,8,6.7,2.58,83.91,B,Pass
STU00135,Richard Miller,richard.miller@student.edu,94.19,78.89,74.25,74.53,10,6.6,2.85,83.6,B,Pass
STU00136,Andrew Anderson,andrew.anderson@student.edu,79.74,100.0,92.53,98.55,10,9.8,2.59,95.45,A,Pass
STU00137,Robert Wilson,robert.wilson@student.edu,82.51,84.81,97.53,90.11,10,10.5,2.64,90.25,A,Pass
STU00138,Ava Rodriguez,ava.rodriguez@student.edu,93.4,85.88,96.7,54.06,10,3.7,2.85,82.75,B,Pass
STU00139,Elizabeth Davis,elizabeth.davis@student.edu,93.45,74.16,85.57,100.0,9,8.8,3.46,88.6,B,Pass
STU00140,David Anderson,david.anderson@student.edu,88.11,95.44,100.0,95.05,9,14.6,3.32,97.99,A,Pass
STU00141,Madison Brown,madison.brown@student.edu,93.7,82.07,100.0,76.67,10,17.7,3.46,86.48,B,Pass
STU00142,Emily Lee,emily.lee@student.edu,87.02,94.01,100.0,100.0,8,12.8,2.76,97.45,A,Pass
STU00143,Andrew Robinson,andrew.robinson@student.edu,93.54,94.59,88.2,100.0,9,8.1,3.51,94.11,A,Pass
STU00144,John Williams,john.williams@student.edu,72.52,65.93,100.0,69.86,6,11.5,2.7,69.37,D,Fail
STU00145,Sophia Garcia,sophia.garcia@student.edu,98.5,97.21,83.21,100.0,10,5.5,2.42,93.91,A,Pass
STU00146,Mark Thomas,mark.thomas@student.edu,62.61,66.8,100.0,100.0,10,17.8,1.3,87.78,B,Pass
STU00147,Steven Miller,steven.miller@student.edu,93.37,97.11,99.78,96.62,8,15.7,3.16,94.54,A,Pass
STU00148,Evelyn Johnson,evelyn.johnson@student.edu,69.04,66.64,86.68,93.23,10,9.2,1.78,77.28,C,Pass
STU00149,William Gonzalez,william.gonzalez@student.edu,71.21,82.84,96.04,73.2,8,14.2,2.21,77.7,C,Pass
STU00150,John Gonzalez,john.gonzalez@student.edu,66.27,87.32,86.84,90.1,8,12.2,2.44,88.1,B,Pass
STU00151,Thomas Lewis,thomas.lewis@student.edu,85.6,92.23,91.2,91.02,7,10.0,2.88,86.46,B,Pass
STU00152,Elizabeth Martinez,elizabeth.martinez@student.edu,67.35,78.81,84.94,90.6,7,16.9,1.96,84.43,B,Pass
STU00153,Abigail White,abigail.white@student.edu,73.63,100.0,77.12,89.6,9,11.9,2.4,87.97,B,Pass
STU00154,Madison Thompson,madison.thompson@student.edu,83.88,84.26,100.0,100.0,8,10.9,2.69,87.54,B,Pass
STU00155,Sofia Jones,sofia.jones@student.edu,75.7,100.0,100.0,87.94,9,20.0,2.75,97.23,A,Pass
STU00156,Richard Martinez,richard.martinez@student.edu,77.05,71.27,81.95,60.79,8,10.3,2.57,70.75,C,Pass
STU00157,Isabella Johnson,isabella.johnson@student.edu,88.01,92.06,67.12,86.14,10,5.7,2.94,80.9,B,Pass
STU00158,Andrew Johnson,andrew.johnson@student.edu,81.97,89.2,100.0,93.06,10,15.3,3.8,90.1,A,Pass
STU00159,Daniel Johnson,daniel.johnson@student.edu,83.4,70.32,78.81,92.4,10,6.1,2.9,84.72,B,Pass
STU00160,Emily Jackson,emily.jackson@student.edu,92.85,88.58,100.0,99.12,10,9.0,2.14,94.92,A,Pass
STU00161,Steven Taylor,steven.taylor@student.edu,91.48,100.0,85.73,75.28,5,11.2,2.88,85.5,B,Pass
STU00162,Ella Garcia,ella.garcia@student.edu,84.58,100.0,81.98,100.0,9,1.7,2.14,91.88,A,Pass
STU00163,Emily Taylor,emily.taylor@student.edu,89.43,92.23,86.69,100.0,9,11.5,3.35,89.88,B,Pass
STU00164,Sarah Garcia,sarah.garcia@student.edu,85.89,84.31,100.0,97.07,9,8.6,3.12,94.68,A,Pass
STU00165,David Martin,david.martin@student.edu,88.27,76.24,86.33,78.72,8,15.5,3.63,81.0,B,Pass
STU00166,David Thompson,david.thompson@student.edu,83.46,94.66,94.47,66.67,7,13.8,2.83,83.04,B,Pass
STU00167,Sophia Gonzalez,sophia.gonzalez@student.edu,95.68,100.0,94.12,100.0,10,12.5,2.07,96.87,A,Pass
STU00168,Emma Jackson,emma.jackson@student.edu,78.28,85.18,89.74,85.67,9,9.7,2.43,89.46,B,Pass
STU00169,Sophia Jackson,sophia.jackson@student.edu,61.31,86.4,66.52,70.51,5,6.8,3.37,64.65,D,Fail
STU00170,Michael Martin,michael.martin@student.edu,79.86,58.15,88.78,79.84,6,15.3,3.12,75.22,C,Pass
STU00171,Sarah Wilson,sarah.wilson@student.edu,85.15,77.77,100.0,86.08,9,13.9,2.79,84.93,B,Pass
STU00172,Ella Hernandez,ella.hernandez@student.edu,80.94,100.0,73.09,64.45,10,7.5,2.53,80.9,B,Pass
STU00173,Thomas Miller,thomas.miller@student.edu,75.94,100.0,99.52,88.65,10,15.0,2.4,91.62,A,Pass
STU00174,Daniel Davis,daniel.davis@student.edu,99.24,100.0,98.78,89.57,10,13.7,3.25,94.94,A,Pass
STU00175,Thomas Gonzalez,thomas.gonzalez@student.edu,86.35,92.67,81.98,74.5,10,14.5,4.0,83.27,B,Pass
STU00176,Robert Thompson,robert.thompson@student.edu,92.72,98.93,100.0,88.28,6,12.5,2.17,96.21,A,Pass
STU00177,Charlotte Anderson,charlotte.anderson@student.edu,96.31,95.78,98.66,100.0,8,10.2,2.61,98.84,A,Pass
STU00178,Daniel Clark,daniel.clark@student.edu,99.46,98.67,100.0,100.0,9,12.7,2.83,96.07,A,Pass
STU00179,David Smith,david.smith@student.edu,100.0,69.24,85.27,78.21,10,2.5,2.17,85.63,B,Pass
STU00180,Elizabeth Martin,elizabeth.martin@student.edu,84.91,89.16,88.29,100.0,10,10.3,3.32,94.3,A,Pass
STU00181,James Williams,james.williams@student.edu,87.8,77.87,100.0,80.24,8,17.1,3.2,87.46,B,Pass
STU00182,Andrew Miller,andrew.miller@student.edu,90.8,100.0,97.82,100.0,10,13.2,3.54,92.79,A,Pass
STU00183,Paul Rodriguez,paul.rodriguez@student.edu,99.16,100.0,97.39,82.87,9,14.0,3.25,91.39,A,Pass
STU00184,Robert Lopez,robert.lopez@student.edu,98.96,97.68,85.99,99.04,10,13.3,2.45,93.69,A,Pass
STU00185,David Davis,david.davis@student.edu,75.75,92.0,88.01,92.61,7,11.5,2.72,85.21,B,Pass
STU00186,Harper Martinez,harper.martinez@student.edu,100.0,86.18,98.22,100.0,7,11.0,3.23,87.82,B,Pass
STU00187,William Anderson,william.anderson@student.edu,73.9,100.0,86.35,91.72,10,14.8,1.88,96.62,A,Pass
STU00188,Andrew White,andrew.white@student.edu,100.0,100.0,100.0,92.83,8,18.8,4.0,96.2,A,Pass
STU00189,Charlotte Martin,charlotte.martin@student.edu,90.45,98.18,92.6,100.0,7,9.6,2.7,92.68,A,Pass
STU00190,Ella Smith,ella.smith@student.edu,81.02,76.12,97.71,93.94,7,3.3,2.37,91.66,A,Pass
STU00191,Madison Martinez,madison.martinez@student.edu,85.4,79.5,92.29,99.95,10,15.4,3.53,95.37,A,Pass
STU00192,James Jones,james.jones@student.edu,83.94,60.5,89.95,75.05,8,6.5,2.51,72.18,C,Pass
STU00193,Thomas Brown,thomas.brown@student.edu,73.84,47.77,86.96,91.7,10,10.1,3.11,76.31,C,Pass
STU00194,James Harris,james.harris@student.edu,72.21,88.04,97.08,100.0,8,12.8,2.44,89.5,B,Pass
STU00195,Madison Jones,madison.jones@student.edu,79.1,85.38,95.11,77.57,10,7.2,2.27,85.57,B,Pass
STU00196,Mia Martinez,mia.martinez@student.edu,59.69,87.1,88.86,78.67,8,8.6,2.79,82.16,B,Pass
STU00197,Isabella White,isabella.white@student.edu,87.26,68.73,91.72,64.0,10,7.6,1.86,79.09,C,Pass
STU00198,Amelia Miller,amelia.miller@student.edu,71.81,76.14,92.87,96.9,6,14.3,1.83,83.43,B,Pass
STU00199,Thomas Taylor,thomas.taylor@student.edu,87.05,86.6,87.73,88.26,7,14.9,3.06,76.94,C,Pass
STU00200,Sofia Rodriguez,sofia.rodriguez@student.edu,61.68,72.13,95.44,100.0,8,15.7,3.06,81.96,B,Pass
STU00201,Emily Williams,emily.williams@student.edu,76.99,80.39,90.15,71.22,9,16.9,2.69,85.86,B,Pass
STU00202,Abigail Robinson,abigail.robinson@student.edu,82.05,66.84,99.42,81.9,8,11.0,2.99,91.93,A,Pass
STU00203,Mia Johnson,mia.johnson@student.edu,80.63,96.92,89.27,71.91,10,9.0,2.98,84.62,B,Pass
STU00204,John Hernandez,john.hernandez@student.edu,85.15,100.0,99.39,100.0,10,18.2,3.92,95.08,A,Pass
STU00205,Robert Lee,robert.lee@student.edu,78.72,83.72,84.01,88.34,10,14.9,2.41,82.63,B,Pass
STU00206,Thomas Garcia,thomas.garcia@student.edu,83.28,97.69,86.64,95.95,8,17.3,2.81,93.52,A,Pass
STU00207,Donald Moore,donald.moore@student.edu,93.36,100.0,100.0,94.08,10,20.0,3.51,96.64,A,Pass
STU00208,Abigail Moore,abigail.moore@student.edu,74.44,100.0,100.0,93.35,4,17.1,2.9,86.68,B,Pass
STU00209,John Brown,john.brown@student.edu,77.9,80.38,99.84,94.77,8,13.1,3.58,87.33,B,Pass
STU00210,David White,david.white@student.edu,98.98,83.27,100.0,100.0,10,7.4,2.56,94.37,A,Pass
STU00211,Olivia Moore,olivia.moore@student.edu,76.17,88.73,78.05,97.39,7,12.0,3.04,85.07,B,Pass
STU00212,Michael Robinson,michael.robinson@student.edu,90.72,82.42,100.0,73.61,9,10.9,2.97,92.43,A,Pass
STU00213,Harper Jackson,harper.jackson@student.edu,86.14,85.69,92.04,94.68,10,7.7,2.2,94.35,A,Pass
STU00214,Madison Jones,madison.jones@student.edu,91.96,100.0,92.39,82.68,10,11.1,3.05,92.2,A,Pass
STU00215,Abigail Jones,abigail.jones@student.edu,72.13,82.93,92.34,87.01,10,12.4,1.5,85.08,B,Pass
STU00216,Michael Martinez,michael.martinez@student.edu,92.93,96.44,84.7,100.0,8,11.2,3.11,94.65,A,Pass
STU00217,Harper Lewis,harper.lewis@student.edu,82.87,90.06,99.06,88.28,10,19.4,3.02,86.93,B,Pass
STU00218,Michael Lopez,michael.lopez@student.edu,90.34,100.0,87.12,90.72,9,6.1,2.17,95.5,A,Pass
STU00219,Isabella Thompson,isabella.thompson@student.edu,90.97,94.74,95.63,100.0,4,11.4,2.24,92.27,A,Pass
STU00220,Sophia Thompson,sophia.thompson@student.edu,87.15,96.12,83.26,100.0,10,3.5,2.41,96.86,A,Pass
STU00221,James Lopez,james.lopez@student.edu,89.67,74.22,95.98,75.05,10,16.5,3.78,84.23,B,Pass
STU00222,Madison Wilson,madison.wilson@student.edu,84.81,100.0,88.17,94.76,7,14.0,2.87,86.49,B,Pass
STU00223,Olivia Davis,olivia.davis@student.edu,77.87,75.77,75.02,74.81,5,10.7,2.43,75.36,C,Pass
STU00224,William Lewis,william.lewis@student.edu,81.16,71.19,88.41,97.5,5,5.9,2.85,81.79,B,Pass
STU00225,Ava Wilson,ava.wilson@student.edu,85.65,80.77,91.6,75.73,10,14.1,2.7,84.93,B,Pass
STU00226,Jane Garcia,jane.garcia@student.edu,82.62,70.26,75.39,54.19,9,13.6,3.94,72.88,C,Pass
STU00227,Amelia Lewis,amelia.lewis@student.edu,74.43,87.37,100.0,100.0,8,13.3,1.85,88.33,B,Pass
STU00228,Mark Lewis,mark.lewis@student.edu,75.43,66.93,82.46,75.84,8,6.1,1.51,73.67,C,Pass
STU00229,Sophia Rodriguez,sophia.rodriguez@student.edu,73.6,100.0,89.66,90.83,10,13.6,2.9,91.86,A,Pass
STU00230,William Lewis,william.lewis@student.edu,80.74,92.45,81.68,87.21,8,13.9,3.37,84.82,B,Pass
STU00231,James Gonzalez,james.gonzalez@student.edu,78.13,78.47,83.96,67.24,10,3.9,2.72,76.54,C,Pass
STU00232,Michael Thomas,michael.thomas@student.edu,80.45,100.0,81.67,100.0,10,14.5,3.38,90.47,A,Pass
STU00233,Joseph Miller,joseph.miller@student.edu,91.06,92.71,93.25,100.0,10,12.3,3.64,89.9,B,Pass
STU00234,Elizabeth Lopez,elizabeth.lopez@student.edu,98.24,99.51,80.08,86.14,7,6.5,3.58,87.52,B,Pass
STU00235,Charlotte Robinson,charlotte.robinson@student.edu,96.18,100.0,92.58,93.55,6,14.3,2.62,89.54,B,Pass
STU00236,Joseph Davis,joseph.davis@student.edu,74.55,84.48,96.32,90.87,7,19.2,3.38,87.37,B,Pass
STU00237,Jane Thompson,jane.thompson@student.edu,88.04,87.46,88.02,86.38,9,11.0,2.52,86.56,B,Pass
STU00238,Richard Gonzalez,richard.gonzalez@student.edu,88.83,90.79,100.0,89.74,10,17.7,2.64,94.57,A,Pass
STU00239,Amelia Rodriguez,amelia.rodriguez@student.edu,67.97,70.13,76.71,74.19,10,13.3,2.74,82.15,B,Pass
STU00240,David Clark,david.clark@student.edu,67.9,78.23,81.86,69.55,8,14.4,3.18,74.18,C,Pass
STU00241,Mia Lopez,mia.lopez@student.edu,67.33,85.29,100.0,75.63,3,12.2,1.61,77.47,C,Pass
STU00242,Paul Gonzalez,paul.gonzalez@student.edu,75.01,98.46,92.85,90.15,10,20.0,3.46,87.11,B,Pass
STU00243,Andrew Hernandez,andrew.hernandez@student.edu,95.62,93.64,100.0,91.49,10,13.8,2.95,94.59,A,Pass
STU00244,Jane Brown,jane.brown@student.edu,89.64,87.41,100.0,92.22,5,10.9,3.17,92.14,A,Pass
STU00245,Thomas Garcia,thomas.garcia@student.edu,75.33,96.99,64.14,100.0,10,7.9,2.26,87.25,B,Pass
STU00246,Thomas Johnson,thomas.johnson@student.edu,89.05,97.13,99.95,97.81,9,12.7,2.77,95.62,A,Pass
STU00247,James Martin,james.martin@student.edu,89.35,57.42,100.0,83.37,9,15.9,2.68,81.44,B,Pass
STU00248,Abigail Lopez,abigail.lopez@student.edu,79.64,95.52,85.92,70.57,7,16.7,3.47,84.53,B,Pass
STU00249,Daniel Wilson,daniel.wilson@student.edu,94.11,99.22,91.61,100.0,10,14.8,3.37,99.09,A,Pass
STU00250,Paul Brown,paul.brown@student.edu,91.08,100.0,97.92,85.92,9,15.9,3.51,91.39,A,Pass
STU00251,Anthony Jackson,anthony.jackson@student.edu,74.05,78.73,68.49,76.47,8,10.2,2.39,72.58,C,Pass
STU00252,Richard Rodriguez,richard.rodriguez@student.edu,69.9,77.96,84.42,66.71,10,16.1,3.2,77.18,C,Pass
STU00253,Michael White,michael.white@student.edu,89.56,65.26,85.73,81.92,10,3.3,2.64,77.74,C,Pass
STU00254,Abigail Smith,abigail.smith@student.edu,92.95,100.0,93.69,89.68,10,8.7,0.99,91.86,A,Pass
STU00255,Ella Lewis,ella.lewis@student.edu,96.03,100.0,100.0,92.59,9,14.2,3.09,91.24,A,Pass
STU00256,Andrew Thompson,andrew.thompson@student.edu,76.67,83.96,78.91,95.06,8,9.1,2.38,83.95,B,Pass
STU00257,Richard Lopez,richard.lopez@student.edu,91.27,78.8,87.63,80.88,6,11.8,2.6,79.06,C,Pass
STU00258,Abigail Williams,abigail.williams@student.edu,85.2,92.41,100.0,92.22,10,14.5,2.51,93.63,A,Pass
STU00259,Amelia Martin,amelia.martin@student.edu,60.41,76.1,96.94,93.34,9,9.6,2.96,88.36,B,Pass
STU00260,Daniel Thompson,daniel.thompson@student.edu,78.09,82.13,97.08,100.0,8,12.5,2.85,88.17,B,Pass
STU00261,Emma Harris,emma.harris@student.edu,69.56,57.32,84.37,54.72,7,14.0,2.8,66.09,D,Fail
STU00262,Charlotte Taylor,charlotte.taylor@student.edu,85.91,96.24,100.0,80.87,10,16.9,2.53,91.94,A,Pass
STU00263,Charlotte Thompson,charlotte.thompson@student.edu,70.47,89.07,88.02,73.21,6,8.1,3.2,82.52,B,Pass
STU00264,Mark Hernandez,mark.hernandez@student.edu,71.43,95.83,89.88,96.41,7,16.7,2.09,87.76,B,Pass
STU00265,Evelyn White,evelyn.white@student.edu,91.53,78.94,87.81,72.08,4,7.6,2.82,76.87,C,Pass
STU00266,Charles Moore,charles.moore@student.edu,89.81,90.93,99.31,100.0,7,17.1,4.0,96.37,A,Pass
STU00267,Robert Miller,robert.miller@student.edu,90.53,92.73,100.0,100.0,8,15.3,3.23,93.04,A,Pass
STU00268,Mark Thompson,mark.thompson@student.edu,71.91,71.88,96.14,82.25,8,17.9,2.86,82.09,B,Pass
STU00269,Anthony Thompson,anthony.thompson@student.edu,67.32,77.55,91.46,59.7,8,17.3,2.67,80.26,B,Pass
STU00270,Ava Martin,ava.martin@student.edu,71.46,76.59,85.23,74.89,10,12.5,2.81,81.57,B,Pass
STU00271,Charlotte Gonzalez,charlotte.gonzalez@student.edu,85.65,100.0,100.0,83.93,7,11.3,2.13,87.06,B,Pass
STU00272,Madison Robinson,madison.robinson@student.edu,93.17,90.22,92.94,93.87,7,13.2,2.66,96.5,A,Pass
STU00273,John Martinez,john.martinez@student.edu,99.41,90.32,93.33,88.7,9,10.4,1.84,96.12,A,Pass
STU00274,Charles Miller,charles.miller@student.edu,63.12,80.82,84.72,86.49,4,15.1,1.47,77.86,C,Pass
STU00275,Abigail Lewis,abigail.lewis@student.edu,91.9,78.17,95.38,88.05,8,8.5,4.0,88.65,B,Pass
STU00276,Daniel Anderson,daniel.anderson@student.edu,96.61,76.47,87.42,91.02,10,13.0,3.88,89.28,B,Pass
STU00277,Donald Anderson,donald.anderson@student.edu,70.56,89.64,96.21,82.58,7,11.2,2.61,85.49,B,Pass
STU00278,Isabella Taylor,isabella.taylor@student.edu,100.0,87.85,92.23,83.61,10,10.8,2.54,90.38,A,Pass
STU00279,Steven Lewis,steven.lewis@student.edu,96.25,87.78,81.31,99.98,8,16.1,2.41,92.08,A,Pass
STU00280,William Thompson,william.thompson@student.edu,65.98,91.37,87.74,72.44,7,12.8,1.62,81.84,B,Pass
STU00281,Sarah Martinez,sarah.martinez@student.edu,100.0,75.29,100.0,91.47,8,14.1,2.86,85.7,B,Pass
STU00282,Paul Thompson,paul.thompson@student.edu,82.16,100.0,80.2,88.35,6,15.1,2.69,86.55,B,Pass
STU00283,Amelia Williams,amelia.williams@student.edu,60.62,81.55,88.53,85.41,10,11.0,3.33,79.76,C,Pass
STU00284,Sophia Thompson,sophia.thompson@student.edu,68.25,91.5,87.62,84.24,9,17.2,3.21,83.62,B,Pass
STU00285,Charlotte Davis,charlotte.davis@student.edu,71.1,69.23,94.05,64.6,9,10.9,2.39,78.02,C,Pass
STU00286,Richard Jones,richard.jones@student.edu,90.76,72.27,84.4,86.83,10,6.8,1.76,83.74,B,Pass
STU00287,Jane Johnson,jane.johnson@student.edu,99.6,100.0,100.0,89.41,8,16.6,2.44,96.86,A,Pass
STU00288,Sophia Thomas,sophia.thomas@student.edu,91.76,77.2,100.0,76.26,8,17.7,3.05,85.88,B,Pass
STU00289,David Anderson,david.anderson@student.edu,96.05,96.62,100.0,100.0,9,20.0,4.0,100.0,A,Pass
STU00290,Mark Lee,mark.lee@student.edu,91.35,96.33,100.0,88.78,8,13.9,2.94,89.68,B,Pass
STU00291,Richard White,richard.white@student.edu,89.9,100.0,97.16,100.0,7,15.2,3.06,93.61,A,Pass
STU00292,Anthony Thomas,anthony.thomas@student.edu,83.15,89.92,80.6,80.19,10,15.8,3.22,86.87,B,Pass
STU00293,Evelyn Davis,evelyn.davis@student.edu,85.57,80.15,100.0,94.65,10,12.4,3.1,89.96,B,Pass
STU00294,Olivia Lee,olivia.lee@student.edu,72.75,74.88,97.16,78.27,10,13.4,1.51,85.34,B,Pass
STU00295,John Clark,john.clark@student.edu,98.17,89.54,87.71,92.4,6,7.0,3.21,89.37,B,Pass
STU00296,James Clark,james.clark@student.edu,65.69,88.01,73.37,97.63,7,5.0,2.18,76.48,C,Pass
STU00297,Abigail Davis,abigail.davis@student.edu,79.09,82.35,95.53,93.49,10,15.2,2.13,94.05,A,Pass
STU00298,Ava Lewis,ava.lewis@student.edu,78.79,82.62,74.86,66.31,9,5.9,2.58,76.62,C,Pass
STU00299,Ella Anderson,ella.anderson@student.edu,81.79,72.05,97.05,97.46,5,8.6,2.82,81.12,B,Pass
STU00300,Emily Moore,emily.moore@student.edu,78.68,63.41,76.59,58.68,9,7.2,1.9,70.68,C,Pass
STU00301,Sophia Brown,sophia.brown@student.edu,76.37,81.09,100.0,100.0,6,11.4,2.37,90.22,A,Pass
STU00302,Elizabeth Jones,elizabeth.jones@student.edu,94.62,100.0,80.14,79.05,10,8.0,3.29,89.81,B,Pass
STU00303,Elizabeth Thompson,elizabeth.thompson@student.edu,89.56,74.57,100.0,100.0,9,13.6,3.13,90.95,A,Pass
STU00304,Ella Moore,ella.moore@student.edu,85.13,86.61,100.0,87.33,10,11.8,1.88,88.19,B,Pass
STU00305,Daniel Clark,daniel.clark@student.edu,86.18,82.29,90.41,97.06,8,10.9,2.79,83.55,B,Pass
STU00306,Donald Martin,donald.martin@student.edu,76.33,100.0,92.09,95.53,9,19.2,3.85,91.65,A,Pass
STU00307,Paul Wilson,paul.wilson@student.edu,72.49,69.66,83.97,66.65,9,7.9,2.33,79.4,C,Pass
STU00308,Madison Anderson,madison.anderson@student.edu,87.26,93.7,93.8,100.0,10,11.9,2.45,91.25,A,Pass
STU00309,William Harris,william.harris@student.edu,78.97,90.34,100.0,89.21,10,16.2,3.32,98.83,A,Pass
STU00310,Steven Anderson,steven.anderson@student.edu,84.68,89.2,83.23,100.0,6,5.1,2.33,88.89,B,Pass
STU00311,Thomas Clark,thomas.clark@student.edu,100.0,88.55,97.25,100.0,9,17.8,2.44,95.32,A,Pass
STU00312,Sophia Robinson,sophia.robinson@student.edu,83.94,70.86,79.2,95.58,6,4.0,2.82,82.44,B,Pass
STU00313,Mia Clark,mia.clark@student.edu,91.07,91.55,98.17,100.0,8,10.1,2.63,92.25,A,Pass
STU00314,Ella Thomas,ella.thomas@student.edu,100.0,100.0,78.49,74.2,10,7.0,2.15,89.81,B,Pass
STU00315,Sophia Rodriguez,sophia.rodriguez@student.edu,84.39,90.49,92.42,61.19,8,11.2,3.13,79.13,C,Pass
STU00316,Donald Williams,donald.williams@student.edu,88.2,92.7,100.0,100.0,10,20.0,2.91,98.23,A,Pass
STU00317,Charles Davis,charles.davis@student.edu,94.74,76.78,98.45,77.1,8,9.5,4.0,84.41,B,Pass
STU00318,Mia Hernandez,mia.hernandez@student.edu,74.47,89.45,86.69,68.99,8,16.4,3.39,79.53,C,Pass
STU00319,Daniel Moore,daniel.moore@student.edu,76.22,81.82,100.0,100.0,5,15.7,4.0,81.25,B,Pass
STU00320,Sarah Jones,sarah.jones@student.edu,80.93,96.1,68.33,82.0,9,15.4,3.92,85.52,B,Pass
STU00321,Olivia Davis,olivia.davis@student.edu,71.7,85.3,78.28,74.47,6,10.7,2.19,78.22,C,Pass
STU00322,Anthony White,anthony.white@student.edu,86.96,70.4,89.78,80.81,10,11.7,3.32,79.95,C,Pass
STU00323,Olivia White,olivia.white@student.edu,91.2,100.0,100.0,100.0,9,17.3,3.68,100.0,A,Pass
STU00324,Isabella Williams,isabella.williams@student.edu,74.1,80.21,79.64,77.93,10,10.4,3.46,79.19,C,Pass
STU00325,Mark Wilson,mark.wilson@student.edu,92.36,62.52,88.42,81.6,10,11.8,2.77,80.51,B,Pass
STU00326,Amelia Moore,amelia.moore@student.edu,72.02,69.16,82.19,72.54,7,11.8,1.67,67.16,D,Fail
STU00327,Elizabeth Wilson,elizabeth.wilson@student.edu,93.21,82.09,98.72,90.88,10,17.8,3.34,93.91,A,Pass
STU00328,Emily Miller,emily.miller@student.edu,86.37,100.0,99.0,100.0,9,11.0,2.36,100.0,A,Pass
STU00329,Mark Gonzalez,mark.gonzalez@student.edu,99.26,96.8,89.0,87.94,10,8.6,3.05,94.71,A,Pass
STU00330,Jane Clark,jane.clark@student.edu,100.0,100.0,99.99,100.0,7,13.1,2.92,98.19,A,Pass
STU00331,Anthony Thomas,anthony.thomas@student.edu,80.95,79.36,81.29,70.25,8,12.9,3.89,73.65,C,Pass
STU00332,John Lopez,john.lopez@student.edu,74.97,100.0,97.83,100.0,7,15.2,2.81,95.27,A,Pass
STU00333,Charlotte Clark,charlotte.clark@student.edu,82.44,95.22,81.83,75.67,10,13.9,2.14,82.7,B,Pass
STU00334,Anthony Robinson,anthony.robinson@student.edu,93.87,70.06,95.37,93.08,8,6.7,3.08,88.45,B,Pass
STU00335,Mark Moore,mark.moore@student.edu,74.7,58.61,90.66,54.31,8,9.8,2.96,69.31,D,Fail
STU00336,Andrew Lewis,andrew.lewis@student.edu,82.74,94.81,94.38,96.34,10,11.2,3.21,89.19,B,Pass
STU00337,Joseph Thomas,joseph.thomas@student.edu,76.1,84.86,92.4,84.37,9,15.0,3.25,90.12,A,Pass
STU00338,Joseph Rodriguez,joseph.rodriguez@student.edu,93.47,100.0,94.56,100.0,10,7.6,3.45,100.0,A,Pass
STU00339,Abigail Thomas,abigail.thomas@student.edu,86.2,92.23,93.42,100.0,7,16.1,2.95,95.94,A,Pass
STU00340,Jane Gonzalez,jane.gonzalez@student.edu,89.18,58.16,94.61,90.45,8,6.6,3.1,82.55,B,Pass
STU00341,Amelia Thompson,amelia.thompson@student.edu,79.27,100.0,100.0,95.9,10,11.9,3.97,99.89,A,Pass
STU00342,Evelyn Harris,evelyn.harris@student.edu,94.08,100.0,97.62,86.43,10,8.8,2.35,93.53,A,Pass
STU00343,William Robinson,william.robinson@student.edu,98.54,100.0,100.0,100.0,10,12.6,2.6,100.0,A,Pass
STU00344,Elizabeth Jones,elizabeth.jones@student.edu,78.82,67.21,89.89,75.95,10,7.4,1.28,84.81,B,Pass
STU00345,Andrew Smith,andrew.smith@student.edu,81.86,79.58,91.95,75.12,6,10.4,2.52,81.81,B,Pass
STU00346,Evelyn Jackson,evelyn.jackson@student.edu,94.84,80.01,95.12,99.69,9,9.1,3.18,93.3,A,Pass
STU00347,Jane Williams,jane.williams@student.edu,80.39,75.35,87.54,61.11,8,10.2,2.49,75.2,C,Pass
STU00348,Abigail Jones,abigail.jones@student.edu,82.61,90.86,98.86,83.96,6,10.3,2.65,83.69,B,Pass
STU00349,Elizabeth Garcia,elizabeth.garcia@student.edu,74.84,66.51,82.5,76.93,9,9.6,2.51,75.04,C,Pass
STU00350,Emily Rodriguez,emily.rodriguez@student.edu,82.45,71.95,92.86,59.2,8,7.4,2.55,77.27,C,Pass
STU00351,Anthony Hernandez,anthony.hernandez@student.edu,88.05,84.37,100.0,68.27,9,20.0,2.91,82.87,B,Pass
STU00352,Isabella Anderson,isabella.anderson@student.edu,85.58,78.55,100.0,84.36,10,10.5,3.35,91.01,A,Pass
STU00353,Daniel Hernandez,daniel.hernandez@student.edu,89.38,67.34,92.68,92.87,9,13.7,3.09,81.41,B,Pass
STU00354,Anthony Rodriguez,anthony.rodriguez@student.edu,96.31,96.5,100.0,93.1,6,18.4,2.77,90.07,A,Pass
STU00355,Mark Rodriguez,mark.rodriguez@student.edu,86.25,84.66,100.0,100.0,10,12.4,3.74,93.63,A,Pass
STU00356,Sarah Thomas,sarah.thomas@student.edu,99.66,71.77,92.95,71.56,8,5.9,2.98,79.51,C,Pass
STU00357,Jane Harris,jane.harris@student.edu,76.69,91.72,75.67,85.16,10,8.7,2.44,83.1,B,Pass
STU00358,Andrew Johnson,andrew.johnson@student.edu,93.64,90.24,87.6,96.15,7,9.8,2.37,91.59,A,Pass
STU00359,Matthew Davis,matthew.davis@student.edu,76.84,73.27,94.26,98.36,7,10.9,3.05,86.37,B,Pass
STU00360,David Clark,david.clark@student.edu,77.43,69.07,75.62,64.68,9,6.8,1.55,72.39,C,Pass
STU00361,Michael Clark,michael.clark@student.edu,71.22,77.29,49.32,58.39,7,0.4,1.46,68.1,D,Fail
STU00362,Jane Davis,jane.davis@student.edu,84.26,62.38,100.0,84.6,10,12.7,2.57,96.16,A,Pass
STU00363,Richard Robinson,richard.robinson@student.edu,74.87,91.91,93.0,83.42,7,16.0,1.55,86.3,B,Pass
STU00364,Jane Martin,jane.martin@student.edu,75.29,71.81,85.87,94.47,7,12.8,1.89,82.4,B,Pass
STU00365,Olivia Davis,olivia.davis@student.edu,88.66,100.0,93.6,100.0,9,13.8,2.36,99.59,A,Pass
STU00366,Robert Thomas,robert.thomas@student.edu,79.9,86.92,93.6,91.47,8,13.7,2.37,88.63,B,Pass
STU00367,Emma Jackson,emma.jackson@student.edu,97.43,91.2,92.77,100.0,10,17.4,3.75,100.0,A,Pass
STU00368,Isabella Anderson,isabella.anderson@student.edu,65.79,74.99,94.66,74.95,9,10.0,2.44,79.45,C,Pass
STU00369,Thomas Clark,thomas.clark@student.edu,85.82,47.25,86.28,49.38,10,7.4,2.99,70.93,C,Pass
STU00370,Harper Garcia,harper.garcia@student.edu,75.91,100.0,100.0,92.11,10,18.2,3.08,91.09,A,Pass
STU00371,Emma Clark,emma.clark@student.edu,76.24,68.37,98.28,78.54,9,8.2,2.31,80.02,B,Pass
STU00372,William Martinez,william.martinez@student.edu,59.42,77.5,69.64,96.57,9,10.5,1.71,79.16,C,Pass
STU00373,James Jackson,james.jackson@student.edu,93.23,90.1,95.34,100.0,10,9.7,3.56,96.21,A,Pass
STU00374,Jane Martinez,jane.martinez@student.edu,77.81,80.24,72.81,100.0,10,5.8,1.81,86.74,B,Pass
STU00375,Anthony Gonzalez,anthony.gonzalez@student.edu,74.7,84.18,90.82,68.8,9,10.8,2.84,80.69,B,Pass
STU00376,Richard Williams,richard.williams@student.edu,74.14,100.0,88.68,72.94,9,5.9,1.66,80.88,B,Pass
STU00377,Sophia Brown,sophia.brown@student.edu,86.31,100.0,79.04,70.71,8,11.0,3.45,86.5,B,Pass
STU00378,Charlotte Thompson,charlotte.thompson@student.edu,74.93,79.1,89.48,76.4,7,0.0,1.89,82.95,B,Pass
STU00379,Emma Lewis,emma.lewis@student.edu,80.3,87.28,81.79,84.14,4,7.8,1.68,77.37,C,Pass
STU00380,Michael Lopez,michael.lopez@student.edu,85.95,89.36,85.57,89.38,7,8.2,3.07,85.35,B,Pass
STU00381,Andrew Wilson,andrew.wilson@student.edu,79.97,89.64,99.1,64.84,10,13.0,3.17,84.38,B,Pass
STU00382,Harper Williams,harper.williams@student.edu,71.56,79.85,90.48,72.26,10,16.9,3.06,78.81,C,Pass
STU00383,Paul Lee,paul.lee@student.edu,70.31,78.1,91.02,77.38,8,11.8,2.47,78.58,C,Pass
STU00384,Amelia Smith,amelia.smith@student.edu,97.01,90.39,97.42,100.0,7,11.1,1.89,98.61,A,Pass
STU00385,Mark Robinson,mark.robinson@student.edu,77.28,100.0,100.0,100.0,9,18.4,2.92,94.85,A,Pass
STU00386,Sofia Brown,sofia.brown@student.edu,67.93,70.58,87.12,80.7,8,13.6,3.52,81.44,B,Pass
STU00387,Abigail Lopez,abigail.lopez@student.edu,59.97,86.94,81.88,84.98,6,9.8,1.63,82.28,B,Pass
STU00388,Elizabeth White,elizabeth.white@student.edu,85.83,97.89,88.86,100.0,10,15.2,3.43,97.78,A,Pass
STU00389,Olivia Wilson,olivia.wilson@student.edu,68.88,89.7,92.34,62.29,6,12.2,2.36,76.56,C,Pass
STU00390,Ava Harris,ava.harris@student.edu,86.99,85.51,85.55,76.0,10,6.4,2.62,89.78,B,Pass
STU00391,Ella Lee,ella.lee@student.edu,87.46,80.51,88.42,94.68,5,8.6,2.51,87.98,B,Pass
STU00392,Mia Martin,mia.martin@student.edu,83.33,84.59,72.73,99.03,9,10.0,2.84,86.91,B,Pass
STU00393,Andrew Clark,andrew.clark@student.edu,91.59,82.92,99.6,63.67,9,8.7,3.37,82.48,B,Pass
STU00394,Steven Anderson,steven.anderson@student.edu,78.22,78.92,91.36,72.1,10,14.0,3.06,81.22,B,Pass
STU00395,Abigail Robinson,abigail.robinson@student.edu,64.89,56.51,68.71,64.49,10,6.6,1.06,68.1,D,Fail
STU00396,Mia Hernandez,mia.hernandez@student.edu,77.59,77.64,79.43,55.57,8,12.7,2.44,73.27,C,Pass
STU00397,Sophia Robinson,sophia.robinson@student.edu,74.25,89.39,73.92,90.27,6,9.8,2.74,78.28,C,Pass
STU00398,Sarah Rodriguez,sarah.rodriguez@student.edu,89.35,90.83,99.42,100.0,7,7.8,1.92,91.97,A,Pass
STU00399,Donald Davis,donald.davis@student.edu,69.69,97.62,100.0,100.0,7,16.0,2.33,94.0,A,Pass
STU00400,Elizabeth Jackson,elizabeth.jackson@student.edu,74.65,61.36,96.05,53.42,7,11.5,4.0,72.22,C,Pass
STU00401,Anthony Hernandez,anthony.hernandez@student.edu,86.78,100.0,85.03,82.57,7,13.5,2.91,89.41,B,Pass
STU00402,Jane Thomas,jane.thomas@student.edu,98.54,79.91,100.0,100.0,10,14.5,3.34,100.0,A,Pass
STU00403,Daniel Garcia,daniel.garcia@student.edu,71.68,87.68,73.52,88.66,10,7.5,1.81,85.3,B,Pass
STU00404,Sofia Miller,sofia.miller@student.edu,76.38,95.9,93.7,90.61,7,8.0,2.97,82.43,B,Pass
STU00405,Matthew Lewis,matthew.lewis@student.edu,67.98,90.63,100.0,73.53,8,18.0,2.16,87.05,B,Pass
STU00406,Thomas Hernandez,thomas.hernandez@student.edu,67.35,100.0,93.48,100.0,9,20.0,2.81,90.27,A,Pass
STU00407,Mia Martin,mia.martin@student.edu,90.72,85.24,93.05,100.0,10,4.4,2.94,93.62,A,Pass
STU00408,Mia Moore,mia.moore@student.edu,93.22,100.0,88.28,94.55,7,7.7,2.27,95.21,A,Pass
STU00409,John Taylor,john.taylor@student.edu,77.21,88.63,100.0,99.3,8,20.0,3.2,88.94,B,Pass
STU00410,Richard Williams,richard.williams@student.edu,77.48,100.0,100.0,97.24,9,15.5,3.33,96.59,A,Pass
STU00411,Sophia Harris,sophia.harris@student.edu,59.89,89.17,68.04,94.41,7,10.7,2.28,78.25,C,Pass
STU00412,Mark Thomas,mark.thomas@student.edu,96.3,58.73,100.0,87.15,7,9.7,2.42,79.69,C,Pass
STU00413,Madison Clark,madison.clark@student.edu,77.5,96.73,91.46,78.58,9,9.8,3.81,84.24,B,Pass
STU00414,Sophia White,sophia.white@student.edu,92.62,99.29,100.0,98.24,7,17.2,3.46,96.62,A,Pass
STU00415,Steven Lee,steven.lee@student.edu,86.39,90.85,90.32,76.98,10,9.9,4.0,94.45,A,Pass
STU00416,Sofia Anderson,sofia.anderson@student.edu,69.1,82.04,94.99,90.81,8,8.2,2.92,83.56,B,Pass
STU00417,Jane Williams,jane.williams@student.edu,89.86,72.04,100.0,94.25,10,13.6,2.14,86.02,B,Pass
STU00418,Charles Davis,charles.davis@student.edu,84.93,100.0,96.91,92.59,7,9.4,1.98,95.8,A,Pass
STU00419,Evelyn White,evelyn.white@student.edu,78.26,100.0,100.0,93.87,7,17.0,2.22,91.18,A,Pass
STU00420,Sophia Martinez,sophia.martinez@student.edu,79.35,84.24,92.01,58.7,9,12.4,3.06,76.7,C,Pass
STU00421,Harper Thomas,harper.thomas@student.edu,62.6,55.98,70.16,88.37,7,3.5,2.11,70.55,C,Pass
STU00422,Madison Taylor,madison.taylor@student.edu,84.43,73.59,100.0,100.0,5,12.6,3.04,82.99,B,Pass
STU00423,Matthew Wilson,matthew.wilson@student.edu,88.22,75.13,100.0,100.0,9,7.4,2.63,94.1,A,Pass
STU00424,Madison Hernandez,madison.hernandez@student.edu,79.16,85.36,98.03,90.99,5,10.7,3.46,83.06,B,Pass
STU00425,Matthew White,matthew.white@student.edu,100.0,74.58,100.0,100.0,10,11.2,2.76,92.43,A,Pass
STU00426,Elizabeth Rodriguez,elizabeth.rodriguez@student.edu,87.43,89.51,100.0,60.37,10,14.5,3.09,85.96,B,Pass
STU00427,Charlotte Rodriguez,charlotte.rodriguez@student.edu,76.58,87.66,100.0,79.56,7,19.5,2.67,84.85,B,Pass
STU00428,Joseph Brown,joseph.brown@student.edu,73.6,79.13,84.45,79.15,9,13.4,3.3,81.98,B,Pass
STU00429,Richard Hernandez,richard.hernandez@student.edu,81.2,100.0,97.53,100.0,9,13.7,1.73,99.6,A,Pass
STU00430,Emma Harris,emma.harris@student.edu,100.0,100.0,100.0,83.41,7,11.8,3.11,93.73,A,Pass
STU00431,Andrew Clark,andrew.clark@student.edu,85.85,100.0,97.03,81.15,9,9.3,2.89,89.01,B,Pass
STU00432,Ava Miller,ava.miller@student.edu,78.06,67.84,86.62,70.11,3,9.5,2.57,77.01,C,Pass
STU00433,Isabella Harris,isabella.harris@student.edu,87.45,73.58,100.0,100.0,9,11.4,3.45,93.58,A,Pass
STU00434,Steven Rodriguez,steven.rodriguez@student.edu,80.41,82.17,81.04,78.52,8,6.5,2.91,80.25,B,Pass
STU00435,Ella Martin,ella.martin@student.edu,76.99,65.1,95.29,52.18,10,7.4,2.83,78.85,C,Pass
STU00436,Charles Brown,charles.brown@student.edu,79.48,73.9,69.56,66.58,10,0.8,2.62,76.43,C,Pass
STU00437,Richard Martinez,richard.martinez@student.edu,77.96,74.93,87.45,73.58,9,4.1,2.25,85.49,B,Pass
STU00438,Joseph Lopez,joseph.lopez@student.edu,84.61,83.49,100.0,82.16,9,12.4,3.29,88.26,B,Pass
STU00439,Ava Martinez,ava.martinez@student.edu,85.72,80.49,91.23,78.9,10,5.5,2.5,82.88,B,Pass
STU00440,John White,john.white@student.edu,93.48,90.41,81.75,93.08,10,6.7,3.83,83.68,B,Pass
STU00441,Andrew Jones,andrew.jones@student.edu,75.85,94.54,74.17,67.39,8,2.2,3.1,84.61,B,Pass
STU00442,Mia Johnson,mia.johnson@student.edu,93.48,100.0,87.21,77.47,10,5.2,1.7,94.97,A,Pass
STU00443,Emily Moore,emily.moore@student.edu,85.55,82.9,93.14,100.0,10,9.2,3.21,88.61,B,Pass
STU00444,Charles White,charles.white@student.edu,95.0,100.0,86.89,93.29,8,14.5,3.63,87.59,B,Pass
STU00445,Robert Lee,robert.lee@student.edu,66.64,89.6,100.0,90.77,8,20.0,3.01,84.19,B,Pass
STU00446,Sofia Brown,sofia.brown@student.edu,62.8,92.03,92.28,86.95,8,8.9,2.94,88.46,B,Pass
STU00447,John Jackson,john.jackson@student.edu,81.7,100.0,98.2,98.14,6,15.5,2.93,93.2,A,Pass
STU00448,Charles Thomas,charles.thomas@student.edu,73.35,67.26,100.0,98.88,10,8.0,2.3,83.87,B,Pass
STU00449,Steven Anderson,steven.anderson@student.edu,77.26,68.67,97.08,76.6,10,6.5,2.84,83.99,B,Pass
STU00450,Amelia Garcia,amelia.garcia@student.edu,100.0,100.0,83.35,100.0,10,8.1,4.0,95.15,A,Pass
STU00451,Emily Rodriguez,emily.rodriguez@student.edu,100.0,87.74,100.0,84.82,8,7.7,2.31,94.39,A,Pass
STU00452,Steven Brown,steven.brown@student.edu,80.29,83.74,85.62,88.95,10,8.3,1.99,88.82,B,Pass
STU00453,David Gonzalez,david.gonzalez@student.edu,92.99,97.91,78.45,93.71,5,9.3,2.21,86.61,B,Pass
STU00454,Sofia Williams,sofia.williams@student.edu,81.35,93.66,74.06,75.13,10,10.1,3.94,81.01,B,Pass
STU00455,Emily Jones,emily.jones@student.edu,87.51,93.75,92.15,96.67,9,14.3,2.66,94.14,A,Pass
STU00456,Olivia Lewis,olivia.lewis@student.edu,72.61,81.64,78.95,64.27,9,10.3,2.5,76.74,C,Pass
STU00457,Charlotte Williams,charlotte.williams@student.edu,90.43,94.55,97.39,84.13,9,10.8,3.27,92.68,A,Pass
STU00458,Sophia Brown,sophia.brown@student.edu,85.63,100.0,80.35,79.8,10,3.3,2.8,88.82,B,Pass
STU00459,Madison Clark,madison.clark@student.edu,94.89,93.55,90.05,96.82,10,8.0,3.52,96.96,A,Pass
STU00460,Mark Martin,mark.martin@student.edu,79.92,88.36,93.22,86.66,10,13.5,2.11,88.8,B,Pass
STU00461,Joseph Clark,joseph.clark@student.edu,82.43,98.16,94.44,82.47,10,8.7,2.13,91.93,A,Pass
STU00462,Ella Gonzalez,ella.gonzalez@student.edu,93.16,100.0,100.0,100.0,10,12.5,3.57,98.03,A,Pass
STU00463,Donald Anderson,donald.anderson@student.edu,91.62,87.06,100.0,100.0,7,12.2,2.46,90.0,B,Pass
STU00464,Charlotte Jackson,charlotte.jackson@student.edu,78.33,100.0,95.4,94.34,6,12.7,2.72,86.24,B,Pass
STU00465,Abigail Martinez,abigail.martinez@student.edu,94.97,80.0,100.0,100.0,9,3.4,2.97,92.93,A,Pass
STU00466,Emily Martin,emily.martin@student.edu,70.61,69.35,89.57,85.27,9,19.6,3.4,83.85,B,Pass
STU00467,James Clark,james.clark@student.edu,88.98,67.65,62.41,71.7,10,0.9,2.08,73.42,C,Pass
STU00468,Isabella Lee,isabella.lee@student.edu,78.92,67.91,81.94,82.5,9,10.4,2.53,79.43,C,Pass
STU00469,Isabella Rodriguez,isabella.rodriguez@student.edu,59.24,79.59,96.74,63.22,6,9.7,2.2,75.76,C,Pass
STU00470,Sarah Garcia,sarah.garcia@student.edu,80.84,61.93,91.6,100.0,9,11.3,3.55,84.44,B,Pass
STU00471,Sophia Garcia,sophia.garcia@student.edu,76.84,94.87,92.25,90.45,6,11.9,2.99,90.83,A,Pass
STU00472,Madison Williams,madison.williams@student.edu,96.01,83.02,86.17,77.0,6,10.2,3.2,83.36,B,Pass
STU00473,William Smith,william.smith@student.edu,57.75,70.78,75.31,65.74,5,4.5,1.7,63.1,D,Fail
STU00474,Mark Anderson,mark.anderson@student.edu,88.56,75.9,93.33,100.0,10,10.0,3.08,89.35,B,Pass
STU00475,Steven Martinez,steven.martinez@student.edu,84.85,82.49,89.76,88.63,7,10.9,2.95,81.9,B,Pass
STU00476,Michael Davis,michael.davis@student.edu,67.66,75.74,69.9,78.47,8,3.5,1.97,68.27,D,Fail
STU00477,Charles White,charles.white@student.edu,76.03,93.48,84.87,87.82,6,15.6,3.19,78.57,C,Pass
STU00478,Charles White,charles.white@student.edu,78.87,70.1,85.31,81.44,8,10.6,2.57,79.59,C,Pass
STU00479,Elizabeth Williams,elizabeth.williams@student.edu,70.23,92.4,100.0,97.26,8,15.5,2.4,89.36,B,Pass
STU00480,Joseph Rodriguez,joseph.rodriguez@student.edu,77.41,75.6,97.75,89.76,6,7.2,3.42,82.46,B,Pass
STU00481,Richard Wilson,richard.wilson@student.edu,91.95,69.15,100.0,96.81,10,8.0,2.43,88.89,B,Pass
STU00482,Emma Moore,emma.moore@student.edu,78.3,85.1,97.14,74.16,8,5.7,2.71,83.39,B,Pass
STU00483,Joseph Lee,joseph.lee@student.edu,72.57,81.72,84.54,70.76,8,12.3,1.96,77.49,C,Pass
STU00484,Olivia Rodriguez,olivia.rodriguez@student.edu,86.08,100.0,90.46,100.0,6,8.2,2.58,92.0,A,Pass
STU00485,Olivia Williams,olivia.williams@student.edu,73.31,90.67,90.87,90.44,5,4.4,2.14,83.4,B,Pass
STU00486,Emily Garcia,emily.garcia@student.edu,66.47,71.92,86.96,83.82,3,12.7,2.98,73.16,C,Pass
STU00487,Charlotte Martin,charlotte.martin@student.edu,91.36,99.57,89.58,69.13,8,15.2,2.89,89.28,B,Pass
STU00488,Charles Anderson,charles.anderson@student.edu,92.47,98.41,93.3,93.49,10,16.1,3.64,92.34,A,Pass
STU00489,Emma Anderson,emma.anderson@student.edu,100.0,75.37,100.0,80.57,7,12.2,3.77,86.64,B,Pass
STU00490,Charlotte White,charlotte.white@student.edu,72.04,79.94,85.17,87.58,10,9.4,3.41,83.8,B,Pass
STU00491,Evelyn Rodriguez,evelyn.rodriguez@student.edu,86.1,71.22,92.93,78.5,10,14.7,3.91,84.96,B,Pass
STU00492,Paul Moore,paul.moore@student.edu,87.18,100.0,100.0,100.0,9,10.9,2.09,98.24,A,Pass
STU00493,Sofia Anderson,sofia.anderson@student.edu,84.25,73.77,91.84,99.09,8,7.8,3.55,79.64,C,Pass
STU00494,Sarah Martin,sarah.martin@student.edu,88.14,96.34,93.4,76.9,10,14.8,2.55,87.38,B,Pass
STU00495,Michael Wilson,michael.wilson@student.edu,84.19,84.2,95.61,85.65,10,16.3,4.0,89.55,B,Pass
STU00496,Daniel Martin,daniel.martin@student.edu,82.3,100.0,91.89,97.94,9,18.3,2.36,88.13,B,Pass
STU00497,Thomas Smith,thomas.smith@student.edu,86.03,81.74,100.0,91.03,10,19.2,4.0,91.67,A,Pass
STU00498,Sarah Davis,sarah.davis@student.edu,91.2,82.76,100.0,100.0,10,18.0,3.1,91.0,A,Pass
STU00499,Jane Clark,jane.clark@student.edu,90.26,74.06,100.0,77.61,6,3.6,2.95,81.04,B,Pass
STU00500,Mia Jackson,mia.jackson@student.edu,57.42,79.8,63.68,64.71,10,12.2,1.61,71.75,C,Pass
STU00501,Michael Clark,michael.clark@student.edu,81.59,90.59,76.25,90.76,3,10.4,2.28,77.75,C,Pass
STU00502,Ava Thomas,ava.thomas@student.edu,82.76,71.51,83.53,81.15,8,13.5,2.51,77.72,C,Pass
STU00503,Ella Lee,ella.lee@student.edu,77.38,85.96,100.0,71.35,5,13.8,2.51,83.29,B,Pass
STU00504,Donald Rodriguez,donald.rodriguez@student.edu,74.15,78.64,100.0,96.71,10,9.5,2.39,85.71,B,Pass
STU00505,Ava Jackson,ava.jackson@student.edu,72.45,83.22,81.91,77.66,8,0.0,2.11,77.5,C,Pass
STU00506,Abigail Lee,abigail.lee@student.edu,68.46,89.04,99.77,83.82,9,14.9,2.92,95.87,A,Pass
STU00507,Sofia Williams,sofia.williams@student.edu,76.31,88.11,95.54,91.26,6,13.0,2.74,86.79,B,Pass
STU00508,Steven Lopez,steven.lopez@student.edu,98.01,91.71,100.0,99.91,7,15.1,3.68,95.56,A,Pass
STU00509,Mark Hernandez,mark.hernandez@student.edu,82.92,86.32,75.86,95.16,10,7.9,2.2,84.66,B,Pass
STU00510,Daniel Thompson,daniel.thompson@student.edu,74.93,83.01,83.02,55.3,7,9.2,1.88,72.66,C,Pass
STU00511,James Garcia,james.garcia@student.edu,100.0,66.63,100.0,83.74,10,9.6,3.18,87.83,B,Pass
STU00512,Amelia Wilson,amelia.wilson@student.edu,76.43,100.0,88.21,93.45,10,11.4,3.48,88.79,B,Pass
STU00513,Sofia Martinez,sofia.martinez@student.edu,84.46,86.16,75.29,71.35,10,10.0,3.16,83.53,B,Pass
STU00514,Evelyn Robinson,evelyn.robinson@student.edu,80.87,100.0,89.75,95.09,10,12.5,2.76,91.01,A,Pass
STU00515,Madison Johnson,madison.johnson@student.edu,100.0,82.88,89.92,64.55,9,7.3,3.74,80.22,B,Pass
STU00516,Elizabeth Williams,elizabeth.williams@student.edu,91.75,90.34,95.92,78.61,7,10.3,2.44,92.38,A,Pass
STU00517,Daniel Rodriguez,daniel.rodriguez@student.edu,79.36,91.18,100.0,100.0,8,17.3,2.36,91.53,A,Pass
STU00518,Daniel Brown,daniel.brown@student.edu,92.75,90.76,100.0,100.0,10,12.9,2.77,97.54,A,Pass
STU00519,Evelyn Taylor,evelyn.taylor@student.edu,83.33,73.86,74.85,79.32,9,0.0,1.89,81.89,B,Pass
STU00520,John Thompson,john.thompson@student.edu,94.16,84.36,97.23,85.26,8,8.7,2.85,89.09,B,Pass
STU00521,Andrew Anderson,andrew.anderson@student.edu,81.35,65.9,88.61,88.4,8,13.5,2.81,80.19,B,Pass
STU00522,Mark Johnson,mark.johnson@student.edu,71.53,79.47,81.55,66.15,8,9.9,3.39,77.0,C,Pass
STU00523,Richard Taylor,richard.taylor@student.edu,100.0,88.7,100.0,88.86,8,12.8,2.79,90.64,A,Pass
STU00524,Harper Martin,harper.martin@student.edu,100.0,83.87,93.3,90.05,10,12.5,2.51,92.59,A,Pass
STU00525,Sofia Lee,sofia.lee@student.edu,63.98,66.68,88.6,54.56,2,3.4,3.57,65.77,D,Fail
STU00526,Donald Clark,donald.clark@student.edu,74.88,68.36,86.1,68.62,9,7.5,2.95,67.44,D,Fail
STU00527,Emily Miller,emily.miller@student.edu,78.87,73.27,92.71,57.99,9,6.1,2.29,78.5,C,Pass
STU00528,Mia Moore,mia.moore@student.edu,92.81,68.1,70.83,85.11,9,11.9,3.91,82.47,B,Pass
STU00529,Robert Martinez,robert.martinez@student.edu,98.57,96.64,99.37,98.23,6,12.0,1.98,98.41,A,Pass
STU00530,Donald White,donald.white@student.edu,66.54,68.69,100.0,76.27,10,12.9,2.43,80.99,B,Pass
STU00531,Sofia Brown,sofia.brown@student.edu,72.58,93.11,89.98,67.69,8,13.0,1.69,88.17,B,Pass
STU00532,Jane Lee,jane.lee@student.edu,96.23,93.36,97.93,81.57,10,12.0,3.1,95.76,A,Pass
STU00533,Sophia White,sophia.white@student.edu,80.57,79.81,100.0,84.31,10,16.3,2.3,87.24,B,Pass
STU00534,William Martinez,william.martinez@student.edu,86.73,65.57,83.31,88.98,9,13.5,2.76,79.9,C,Pass
STU00535,Madison Smith,madison.smith@student.edu,59.71,72.35,72.58,57.35,7,5.7,1.98,67.62,D,Fail
STU00536,Madison Wilson,madison.wilson@student.edu,100.0,99.63,85.16,96.56,9,8.0,4.0,94.89,A,Pass
STU00537,Sarah Davis,sarah.davis@student.edu,93.61,88.75,84.08,85.14,10,15.8,3.71,83.95,B,Pass
STU00538,Emma Anderson,emma.anderson@student.edu,70.99,72.63,82.9,58.65,6,10.8,2.17,72.3,C,Pass
STU00539,Emma Lee,emma.lee@student.edu,73.78,84.56,78.8,74.06,8,3.6,2.02,73.18,C,Pass
STU00540,Olivia Thomas,olivia.thomas@student.edu,81.39,100.0,81.87,100.0,9,13.7,3.1,90.67,A,Pass
STU00541,Charles Taylor,charles.taylor@student.edu,96.14,77.07,87.36,98.47,8,11.1,2.79,90.85,A,Pass
STU00542,Mia Wilson,mia.wilson@student.edu,95.91,76.96,100.0,92.56,10,12.0,3.82,89.83,B,Pass
STU00543,Steven Thomas,steven.thomas@student.edu,58.38,75.33,93.55,81.72,10,11.6,1.8,84.48,B,Pass
STU00544,Sophia Anderson,sophia.anderson@student.edu,81.56,66.41,80.99,67.98,5,10.9,2.41,71.22,C,Pass
STU00545,Madison Jones,madison.jones@student.edu,87.29,89.39,88.07,84.23,10,4.6,2.65,90.56,A,Pass
STU00546,Anthony Miller,anthony.miller@student.edu,87.69,99.32,84.01,100.0,8,8.7,2.98,92.08,A,Pass
STU00547,Paul Harris,paul.harris@student.edu,64.56,74.5,75.13,74.53,10,11.7,2.4,77.66,C,Pass
STU00548,Robert Williams,robert.williams@student.edu,79.84,81.56,97.44,89.86,7,16.9,1.38,86.78,B,Pass
STU00549,Mia Clark,mia.clark@student.edu,75.31,64.66,88.31,83.86,9,9.3,2.44,81.96,B,Pass
STU00550,Mark Hernandez,mark.hernandez@student.edu,93.37,71.58,83.86,68.32,10,9.9,2.99,82.77,B,Pass
STU00551,Paul Rodriguez,paul.rodriguez@student.edu,76.67,93.66,93.22,100.0,8,16.5,3.09,90.06,A,Pass
STU00552,John Martinez,john.martinez@student.edu,78.94,88.7,83.85,52.33,9,15.8,3.12,78.89,C,Pass
STU00553,Charlotte Robinson,charlotte.robinson@student.edu,81.28,51.88,97.2,61.77,10,4.1,2.96,77.74,C,Pass
STU00554,Sofia Jones,sofia.jones@student.edu,84.8,71.3,87.45,74.18,5,6.0,2.26,69.26,D,Fail
STU00555,Donald Moore,donald.moore@student.edu,79.15,91.72,100.0,88.98,8,9.6,2.94,91.55,A,Pass
STU00556,Steven Lopez,steven.lopez@student.edu,85.45,94.66,72.13,73.91,7,10.9,1.99,80.29,B,Pass
STU00557,Amelia Moore,amelia.moore@student.edu,80.49,86.34,100.0,94.49,10,18.2,3.09,93.15,A,Pass
STU00558,Andrew Gonzalez,andrew.gonzalez@student.edu,65.01,82.33,91.27,100.0,9,4.9,2.11,90.64,A,Pass
STU00559,Elizabeth Hernandez,elizabeth.hernandez@student.edu,90.76,88.52,89.58,94.43,10,6.3,2.45,95.6,A,Pass
STU00560,Richard White,richard.white@student.edu,96.34,100.0,94.62,100.0,7,15.3,3.58,98.27,A,Pass
STU00561,Sophia Jackson,sophia.jackson@student.edu,71.96,89.54,87.56,64.5,9,11.3,2.08,78.46,C,Pass
STU00562,Anthony Davis,anthony.davis@student.edu,90.6,78.35,88.95,79.08,10,12.7,3.33,90.22,A,Pass
STU00563,Mark Johnson,mark.johnson@student.edu,59.89,68.58,78.32,53.15,4,14.9,2.32,64.23,D,Fail
STU00564,Daniel Harris,daniel.harris@student.edu,90.26,93.13,100.0,94.4,7,12.9,2.67,95.59,A,Pass
STU00565,Steven White,steven.white@student.edu,80.45,70.33,82.11,81.54,9,7.2,2.45,76.87,C,Pass
STU00566,Anthony Gonzalez,anthony.gonzalez@student.edu,87.5,100.0,100.0,100.0,6,15.3,2.51,96.42,A,Pass
STU00567,Olivia Thomas,olivia.thomas@student.edu,85.52,96.33,95.0,82.22,10,9.3,2.77,89.3,B,Pass
STU00568,Michael Jones,michael.jones@student.edu,82.46,94.58,79.98,100.0,5,10.6,2.93,84.22,B,Pass
STU00569,Paul Jackson,paul.jackson@student.edu,84.11,88.92,98.72,88.87,10,14.4,3.02,94.26,A,Pass
STU00570,Amelia Brown,amelia.brown@student.edu,85.82,80.92,79.47,86.01,8,8.8,3.32,84.44,B,Pass
STU00571,Donald Brown,donald.brown@student.edu,71.83,91.37,100.0,83.5,10,17.2,2.16,85.8,B,Pass
STU00572,Ella Anderson,ella.anderson@student.edu,82.39,84.53,100.0,82.69,7,13.4,3.67,85.5,B,Pass
STU00573,John Harris,john.harris@student.edu,74.81,99.89,97.01,80.92,8,17.5,2.09,91.03,A,Pass
STU00574,Olivia Wilson,olivia.wilson@student.edu,93.65,100.0,94.65,82.55,8,16.1,2.69,91.94,A,Pass
STU00575,Olivia Williams,olivia.williams@student.edu,85.56,81.13,81.46,98.93,10,3.6,3.13,92.15,A,Pass
STU00576,Steven Lewis,steven.lewis@student.edu,99.7,100.0,89.08,92.27,9,15.1,2.67,95.76,A,Pass
STU00577,Thomas Hernandez,thomas.hernandez@student.edu,86.74,60.85,100.0,75.03,9,9.1,3.21,80.05,B,Pass
STU00578,Evelyn Lee,evelyn.lee@student.edu,87.27,76.54,78.27,100.0,7,1.6,3.49,86.11,B,Pass
STU00579,Sarah Hernandez,sarah.hernandez@student.edu,78.4,81.8,100.0,93.93,5,17.1,3.01,84.07,B,Pass
STU00580,Andrew Gonzalez,andrew.gonzalez@student.edu,78.37,53.95,99.16,61.05,4,15.4,3.03,60.8,D,Fail
STU00581,Daniel Lee,daniel.lee@student.edu,84.19,100.0,99.72,100.0,6,13.1,3.29,93.45,A,Pass
STU00582,Sofia Moore,sofia.moore@student.edu,76.66,89.26,87.2,94.02,10,8.7,1.83,95.58,A,Pass
STU00583,Michael Martin,michael.martin@student.edu,85.51,73.48,100.0,82.82,8,7.5,2.61,83.49,B,Pass
STU00584,David Davis,david.davis@student.edu,79.74,100.0,82.19,89.29,10,11.8,3.23,84.94,B,Pass
STU00585,Charles Davis,charles.davis@student.edu,93.67,74.5,97.98,100.0,10,8.0,3.09,92.93,A,Pass
STU00586,Sarah Wilson,sarah.wilson@student.edu,98.02,80.03,83.05,93.48,8,9.0,2.66,83.99,B,Pass
STU00587,James Clark,james.clark@student.edu,78.84,84.51,96.1,94.86,8,7.9,1.93,88.1,B,Pass
STU00588,James Anderson,james.anderson@student.edu,86.79,87.71,88.41,69.02,10,17.3,3.11,86.04,B,Pass
STU00589,William White,william.white@student.edu,99.8,85.91,100.0,93.82,8,11.8,3.15,94.68,A,Pass
STU00590,Charlotte Smith,charlotte.smith@student.edu,86.04,88.88,100.0,100.0,10,13.5,3.05,95.46,A,Pass
STU00591,Michael Hernandez,michael.hernandez@student.edu,87.28,87.42,95.26,49.31,9,14.9,3.4,78.63,C,Pass
STU00592,Emily Martinez,emily.martinez@student.edu,76.89,86.06,81.19,88.43,9,13.6,3.76,87.33,B,Pass
STU00593,Matthew Lopez,matthew.lopez@student.edu,67.98,89.6,91.37,92.43,8,10.8,2.33,87.79,B,Pass
STU00594,Abigail Jones,abigail.jones@student.edu,90.2,76.41,85.76,84.18,10,12.4,3.76,84.35,B,Pass
STU00595,Sophia Taylor,sophia.taylor@student.edu,77.94,86.61,73.1,96.13,7,9.7,2.66,84.82,B,Pass
STU00596,Mark Jackson,mark.jackson@student.edu,86.91,93.43,83.88,91.55,6,12.8,2.04,85.49,B,Pass
STU00597,Ava Garcia,ava.garcia@student.edu,87.24,80.5,100.0,89.9,4,16.0,3.42,87.03,B,Pass
STU00598,Ava Williams,ava.williams@student.edu,72.97,50.15,96.06,76.87,5,16.4,2.79,68.78,D,Fail
STU00599,Anthony Martin,anthony.martin@student.edu,97.31,84.16,76.07,81.34,9,12.8,4.0,82.79,B,Pass
STU00600,Sophia Thomas,sophia.thomas@student.edu,82.15,72.0,97.03,58.7,5,12.5,2.73,76.47,C,Pass
STU00601,Olivia Davis,olivia.davis@student.edu,71.57,74.95,85.82,57.88,7,12.0,3.1,74.35,C,Pass
STU00602,Elizabeth Lee,elizabeth.lee@student.edu,95.85,67.42,100.0,75.69,10,11.6,3.66,84.41,B,Pass
STU00603,Thomas Anderson,thomas.anderson@student.edu,94.24,84.6,91.37,86.85,8,9.7,3.59,87.8,B,Pass
STU00604,Thomas Thompson,thomas.thompson@student.edu,84.66,97.46,100.0,82.26,10,12.5,2.76,89.07,B,Pass
STU00605,John Lewis,john.lewis@student.edu,66.65,85.9,85.09,71.86,10,14.8,3.15,78.75,C,Pass
STU00606,Elizabeth Martinez,elizabeth.martinez@student.edu,88.44,85.77,100.0,98.9,5,10.9,2.32,87.84,B,Pass
STU00607,Andrew Garcia,andrew.garcia@student.edu,56.07,100.0,89.97,89.14,10,12.8,2.46,95.22,A,Pass
STU00608,David Anderson,david.anderson@student.edu,87.92,91.12,93.06,80.51,8,16.4,3.32,83.31,B,Pass
STU00609,Matthew Jackson,matthew.jackson@student.edu,85.68,80.04,86.94,77.14,10,4.8,2.75,87.96,B,Pass
STU00610,Charlotte Lee,charlotte.lee@student.edu,74.19,71.12,74.89,78.86,7,11.0,2.05,77.25,C,Pass
STU00611,Abigail White,abigail.white@student.edu,78.46,97.53,100.0,88.54,7,18.3,3.4,95.11,A,Pass
STU00612,Thomas Anderson,thomas.anderson@student.edu,76.46,72.72,86.66,77.43,6,14.4,2.94,76.64,C,Pass
STU00613,Charlotte Miller,charlotte.miller@student.edu,85.64,88.03,81.87,71.86,7,5.1,1.79,79.17,C,Pass
STU00614,Anthony Thomas,anthony.thomas@student.edu,80.97,76.53,98.06,75.32,8,16.1,3.19,86.6,B,Pass
STU00615,James Davis,james.davis@student.edu,73.76,87.89,100.0,85.03,10,13.2,3.3,93.17,A,Pass
STU00616,Anthony Jackson,anthony.jackson@student.edu,94.87,100.0,100.0,92.46,8,14.8,3.8,96.06,A,Pass
STU00617,Matthew Jackson,matthew.jackson@student.edu,91.09,60.51,100.0,97.01,8,9.5,2.03,87.68,B,Pass
STU00618,Charles White,charles.white@student.edu,93.84,77.87,100.0,87.24,9,16.5,2.8,87.17,B,Pass
STU00619,Charles Smith,charles.smith@student.edu,81.85,76.4,93.56,90.0,9,17.9,3.85,90.02,A,Pass
STU00620,Evelyn Rodriguez,evelyn.rodriguez@student.edu,89.64,76.65,96.36,100.0,9,16.4,3.27,92.21,A,Pass
STU00621,John Jackson,john.jackson@student.edu,81.81,85.35,80.08,79.47,7,7.1,2.61,83.86,B,Pass
STU00622,Emily Martin,emily.martin@student.edu,98.4,95.61,91.49,67.4,6,17.1,2.62,80.27,B,Pass
STU00623,Sofia Robinson,sofia.robinson@student.edu,92.03,64.68,84.35,89.55,10,13.7,3.63,83.01,B,Pass
STU00624,Charles Clark,charles.clark@student.edu,83.48,94.7,100.0,100.0,4,18.8,3.14,92.25,A,Pass
STU00625,Joseph Martin,joseph.martin@student.edu,77.08,86.27,98.97,100.0,10,13.7,2.73,90.33,A,Pass
STU00626,Matthew Davis,matthew.davis@student.edu,64.77,74.75,91.04,62.7,10,9.3,2.55,78.3,C,Pass
STU00627,Richard Martin,richard.martin@student.edu,97.78,98.29,94.57,93.61,10,10.2,2.36,94.75,A,Pass
STU00628,Thomas Thompson,thomas.thompson@student.edu,79.24,95.79,95.44,82.78,8,17.2,1.54,83.59,B,Pass
STU00629,Robert Lee,robert.lee@student.edu,79.68,77.68,100.0,87.2,6,9.1,4.0,87.94,B,Pass
STU00630,James Lee,james.lee@student.edu,93.35,100.0,100.0,89.74,10,14.6,3.24,97.59,A,Pass
STU00631,Michael Martinez,michael.martinez@student.edu,83.79,70.81,93.85,96.55,5,5.4,3.1,82.81,B,Pass
STU00632,Donald Johnson,donald.johnson@student.edu,94.66,94.81,99.01,92.93,7,12.2,3.47,89.52,B,Pass
STU00633,Harper Harris,harper.harris@student.edu,84.74,82.87,89.9,99.66,8,12.5,3.23,84.8,B,Pass
STU00634,Robert Williams,robert.williams@student.edu,86.54,100.0,92.43,98.04,6,11.7,3.25,90.94,A,Pass
STU00635,Charles Hernandez,charles.hernandez@student.edu,87.84,83.67,87.87,99.67,10,6.1,3.17,95.41,A,Pass
STU00636,Mark Garcia,mark.garcia@student.edu,81.86,72.68,100.0,100.0,9,11.0,2.2,90.96,A,Pass
STU00637,Richard Jones,richard.jones@student.edu,66.05,70.19,69.74,91.34,8,8.8,2.85,74.69,C,Pass
STU00638,Andrew Lopez,andrew.lopez@student.edu,79.0,82.7,97.17,94.27,9,8.2,3.33,89.62,B,Pass
STU00639,Ella Taylor,ella.taylor@student.edu,74.9,85.91,79.62,82.25,7,12.9,3.04,87.8,B,Pass
STU00640,Mia Robinson,mia.robinson@student.edu,82.54,86.93,100.0,83.62,5,5.9,2.78,87.47,B,Pass
STU00641,William Rodriguez,william.rodriguez@student.edu,77.28,80.55,93.27,76.1,8,8.2,1.97,82.03,B,Pass
STU00642,Steven Lewis,steven.lewis@student.edu,88.81,98.94,97.74,100.0,6,12.2,2.89,93.64,A,Pass
STU00643,Charles Harris,charles.harris@student.edu,78.52,80.74,87.9,90.13,10,15.1,3.09,85.25,B,Pass
STU00644,Amelia Lewis,amelia.lewis@student.edu,85.48,86.29,100.0,95.85,10,13.2,3.34,90.8,A,Pass
STU00645,Emma Anderson,emma.anderson@student.edu,76.86,83.03,89.54,100.0,8,10.1,3.11,84.28,B,Pass
STU00646,David Jones,david.jones@student.edu,83.9,78.99,91.74,97.73,8,3.6,2.96,87.25,B,Pass
STU00647,Joseph Thompson,joseph.thompson@student.edu,84.8,66.33,82.46,63.54,10,6.2,2.34,81.21,B,Pass
STU00648,Evelyn Lewis,evelyn.lewis@student.edu,78.85,76.47,83.47,73.94,8,2.6,2.02,79.4,C,Pass
STU00649,Madison Lopez,madison.lopez@student.edu,83.43,82.62,75.88,100.0,7,5.0,3.42,84.02,B,Pass
STU00650,Sarah Lewis,sarah.lewis@student.edu,67.2,74.92,95.36,77.17,6,9.9,3.13,80.72,B,Pass
STU00651,Evelyn Smith,evelyn.smith@student.edu,84.5,93.76,100.0,100.0,10,9.2,2.6,94.6,A,Pass
STU00652,Thomas Moore,thomas.moore@student.edu,81.99,72.27,88.46,85.89,9,10.6,2.18,84.47,B,Pass
STU00653,Emma Anderson,emma.anderson@student.edu,79.73,69.45,100.0,83.9,8,9.9,2.97,80.51,B,Pass
STU00654,Harper Thompson,harper.thompson@student.edu,85.71,90.41,96.42,100.0,10,9.7,4.0,96.08,A,Pass
STU00655,Thomas Jackson,thomas.jackson@student.edu,83.91,100.0,75.5,100.0,9,9.3,2.17,92.98,A,Pass
STU00656,Anthony Robinson,anthony.robinson@student.edu,91.2,93.32,100.0,95.4,8,8.1,2.74,89.18,B,Pass
STU00657,Harper Brown,harper.brown@student.edu,76.8,80.86,87.65,63.48,7,14.3,3.29,73.12,C,Pass
STU00658,Joseph Thomas,joseph.thomas@student.edu,66.49,100.0,95.62,81.42,8,8.2,2.55,88.49,B,Pass
STU00659,Jane Martin,jane.martin@student.edu,98.49,82.73,80.94,94.58,10,9.8,3.51,97.1,A,Pass
STU00660,Madison Hernandez,madison.hernandez@student.edu,76.3,95.25,76.14,67.4,7,13.0,2.08,78.38,C,Pass
STU00661,Joseph Lee,joseph.lee@student.edu,92.35,98.37,100.0,100.0,7,13.5,2.42,99.53,A,Pass
STU00662,David Lee,david.lee@student.edu,97.92,99.37,83.93,80.97,10,14.5,2.44,90.25,A,Pass
STU00663,Elizabeth White,elizabeth.white@student.edu,91.2,95.44,95.0,90.35,10,14.7,2.85,95.54,A,Pass
STU00664,Charlotte Lee,charlotte.lee@student.edu,81.94,79.98,87.61,70.7,8,15.6,2.65,83.57,B,Pass
STU00665,Mark Brown,mark.brown@student.edu,75.02,80.77,73.79,73.96,8,11.4,2.32,78.0,C,Pass
STU00666,Robert Johnson,robert.johnson@student.edu,95.51,88.25,92.71,91.37,8,7.1,2.93,91.06,A,Pass
STU00667,Michael Martinez,michael.martinez@student.edu,80.04,76.14,86.76,96.68,7,5.2,3.09,82.4,B,Pass
STU00668,Sofia Brown,sofia.brown@student.edu,78.99,90.73,75.94,88.03,5,7.8,2.49,78.84,C,Pass
STU00669,James Davis,james.davis@student.edu,80.26,65.57,76.99,73.52,10,17.9,2.6,77.19,C,Pass
STU00670,Andrew Jones,andrew.jones@student.edu,79.11,100.0,78.86,75.6,5,16.5,2.9,79.66,C,Pass
STU00671,Anthony Anderson,anthony.anderson@student.edu,84.48,76.21,90.44,64.09,10,12.0,2.77,79.45,C,Pass
STU00672,Harper Thompson,harper.thompson@student.edu,70.11,74.9,82.44,76.07,9,17.4,2.51,80.09,B,Pass
STU00673,Andrew Wilson,andrew.wilson@student.edu,96.09,77.14,82.96,75.2,7,5.0,4.0,85.29,B,Pass
STU00674,Olivia Wilson,olivia.wilson@student.edu,100.0,74.55,84.4,55.27,8,12.7,3.31,77.04,C,Pass
STU00675,James Robinson,james.robinson@student.edu,70.2,93.02,90.78,97.09,4,12.3,2.86,85.68,B,Pass
STU00676,Sofia Martin,sofia.martin@student.edu,85.78,85.41,80.8,83.72,6,8.6,2.09,84.8,B,Pass
STU00677,Mark Rodriguez,mark.rodriguez@student.edu,78.12,82.98,86.62,94.85,7,15.8,2.68,86.77,B,Pass
STU00678,Michael White,michael.white@student.edu,77.15,62.23,81.72,57.54,10,3.2,2.57,71.67,C,Pass
STU00679,Harper Miller,harper.miller@student.edu,93.11,91.7,89.23,67.93,8,14.0,2.69,82.33,B,Pass
STU00680,Donald Anderson,donald.anderson@student.edu,91.2,80.35,92.14,100.0,10,10.3,2.86,91.62,A,Pass
STU00681,Sophia Lopez,sophia.lopez@student.edu,73.69,73.96,93.01,78.64,5,8.3,2.44,82.76,B,Pass
STU00682,James Thompson,james.thompson@student.edu,80.54,81.85,100.0,74.44,10,6.4,2.99,90.35,A,Pass
STU00683,Harper Moore,harper.moore@student.edu,71.75,78.82,85.89,88.81,10,9.7,2.42,81.9,B,Pass
STU00684,Matthew Johnson,matthew.johnson@student.edu,81.03,86.46,85.2,86.49,10,9.2,1.62,87.84,B,Pass
STU00685,Evelyn Rodriguez,evelyn.rodriguez@student.edu,81.18,100.0,86.67,90.65,8,9.2,2.58,92.8,A,Pass
STU00686,Richard Brown,richard.brown@student.edu,90.71,93.41,74.12,94.84,9,15.8,3.98,89.48,B,Pass
STU00687,Elizabeth Williams,elizabeth.williams@student.edu,77.76,94.79,83.75,100.0,9,9.2,2.37,86.47,B,Pass
STU00688,Isabella Lee,isabella.lee@student.edu,61.67,96.53,89.37,93.63,8,8.8,2.72,82.99,B,Pass
STU00689,Jane Johnson,jane.johnson@student.edu,72.04,55.62,88.73,70.3,8,14.4,2.51,74.65,C,Pass
STU00690,Amelia Davis,amelia.davis@student.edu,97.87,74.53,100.0,97.53,7,13.4,3.18,85.19,B,Pass
STU00691,Robert Lewis,robert.lewis@student.edu,89.3,77.47,81.28,73.41,10,8.1,2.35,81.48,B,Pass
STU00692,Isabella Williams,isabella.williams@student.edu,96.38,80.87,100.0,94.36,9,10.9,2.69,99.77,A,Pass
STU00693,Madison Miller,madison.miller@student.edu,68.51,90.9,100.0,100.0,10,8.9,2.17,92.41,A,Pass
STU00694,Isabella Robinson,isabella.robinson@student.edu,100.0,90.1,84.56,100.0,8,4.5,2.58,92.89,A,Pass
STU00695,Joseph Hernandez,joseph.hernandez@student.edu,82.85,71.39,94.56,96.58,9,13.9,2.7,89.39,B,Pass
STU00696,Olivia Lewis,olivia.lewis@student.edu,74.62,91.59,87.94,95.71,10,10.2,2.17,92.08,A,Pass
STU00697,John Rodriguez,john.rodriguez@student.edu,84.79,76.98,84.93,76.85,7,7.9,2.96,73.54,C,Pass
STU00698,Olivia Jones,olivia.jones@student.edu,68.51,82.31,100.0,99.93,10,11.6,2.4,92.01,A,Pass
STU00699,Andrew Rodriguez,andrew.rodriguez@student.edu,81.06,51.55,100.0,96.86,7,10.1,3.5,80.5,B,Pass
STU00700,Ava Brown,ava.brown@student.edu,92.99,69.21,99.22,82.37,9,12.2,2.35,87.02,B,Pass
STU00701,Jane Jones,jane.jones@student.edu,81.3,96.99,94.54,95.74,6,11.0,2.69,88.88,B,Pass
STU00702,John Lopez,john.lopez@student.edu,93.29,100.0,100.0,99.87,8,12.8,3.34,89.3,B,Pass
STU00703,Sophia Jackson,sophia.jackson@student.edu,87.4,84.47,88.11,63.38,7,10.1,2.7,80.53,B,Pass
STU00704,Daniel Smith,daniel.smith@student.edu,92.43,100.0,87.89,98.41,8,13.3,3.83,96.03,A,Pass
STU00705,Ava Rodriguez,ava.rodriguez@student.edu,76.63,94.45,100.0,80.0,8,13.0,2.89,88.8,B,Pass
STU00706,Emily Jones,emily.jones@student.edu,58.03,94.02,90.32,62.68,6,10.3,3.27,81.17,B,Pass
STU00707,Mark Taylor,mark.taylor@student.edu,86.58,94.06,96.76,100.0,7,17.1,3.67,90.27,A,Pass
STU00708,Emma Harris,emma.harris@student.edu,100.0,84.58,97.09,80.67,10,12.6,3.41,86.15,B,Pass
STU00709,David Thomas,david.thomas@student.edu,89.48,90.71,69.81,99.44,10,5.3,2.51,88.55,B,Pass
STU00710,Donald Clark,donald.clark@student.edu,68.89,90.91,97.46,100.0,9,20.0,2.42,89.93,B,Pass
STU00711,Harper Taylor,harper.taylor@student.edu,71.08,80.99,79.77,59.1,10,9.1,2.23,74.13,C,Pass
STU00712,James Anderson,james.anderson@student.edu,80.88,62.71,91.99,64.44,10,9.4,2.04,78.49,C,Pass
STU00713,Paul Davis,paul.davis@student.edu,81.75,90.02,87.41,84.5,9,8.1,2.56,84.93,B,Pass
STU00714,Michael Harris,michael.harris@student.edu,92.71,84.24,77.92,100.0,9,2.8,2.59,85.34,B,Pass
STU00715,Ella Martinez,ella.martinez@student.edu,90.52,86.27,100.0,89.21,10,14.2,3.31,86.73,B,Pass
STU00716,Elizabeth Lee,elizabeth.lee@student.edu,75.03,83.23,91.0,68.9,4,18.0,2.54,75.35,C,Pass
STU00717,Jane Johnson,jane.johnson@student.edu,82.96,86.96,100.0,88.9,7,11.6,2.88,87.56,B,Pass
STU00718,Steven Gonzalez,steven.gonzalez@student.edu,79.46,92.97,100.0,80.17,9,17.9,3.15,84.81,B,Pass
STU00719,Abigail Thompson,abigail.thompson@student.edu,74.85,85.83,88.22,71.9,8,10.9,1.74,77.02,C,Pass
STU00720,James Thomas,james.thomas@student.edu,86.22,71.2,94.41,79.18,8,7.8,3.63,84.69,B,Pass
STU00721,Donald Williams,donald.williams@student.edu,74.28,69.13,92.06,75.18,9,13.7,2.82,78.99,C,Pass
STU00722,Sarah Hernandez,sarah.hernandez@student.edu,100.0,83.38,97.33,81.41,10,5.4,2.92,86.62,B,Pass
STU00723,Olivia Williams,olivia.williams@student.edu,85.65,94.79,79.09,77.78,10,10.7,3.07,92.06,A,Pass
STU00724,Robert Rodriguez,robert.rodriguez@student.edu,82.52,100.0,76.08,88.17,5,13.8,2.72,75.92,C,Pass
STU00725,Madison White,madison.white@student.edu,82.04,85.85,100.0,87.39,10,12.5,2.98,88.67,B,Pass
STU00726,Daniel Gonzalez,daniel.gonzalez@student.edu,80.78,100.0,100.0,97.93,4,11.0,2.98,89.52,B,Pass
STU00727,Ella Martinez,ella.martinez@student.edu,100.0,100.0,100.0,89.06,5,13.1,4.0,94.32,A,Pass
STU00728,Elizabeth Taylor,elizabeth.taylor@student.edu,69.06,78.86,87.38,83.8,6,11.3,2.31,82.46,B,Pass
STU00729,Abigail Brown,abigail.brown@student.edu,81.12,78.93,85.13,99.56,8,4.2,2.44,85.71,B,Pass
STU00730,Emma Lee,emma.lee@student.edu,82.53,83.28,74.27,98.3,6,13.6,2.14,80.57,B,Pass
STU00731,Madison Harris,madison.harris@student.edu,70.14,52.8,90.5,64.26,10,7.2,3.02,69.43,D,Fail
STU00732,Isabella Wilson,isabella.wilson@student.edu,83.67,77.69,94.46,72.87,6,8.2,2.25,74.41,C,Pass
STU00733,Donald Davis,donald.davis@student.edu,74.32,71.58,96.59,98.1,8,6.9,1.47,80.33,B,Pass
STU00734,Mark Hernandez,mark.hernandez@student.edu,75.73,72.87,79.7,71.15,7,8.5,2.46,74.91,C,Pass
STU00735,Elizabeth Gonzalez,elizabeth.gonzalez@student.edu,97.79,75.97,76.55,85.51,8,8.4,3.02,83.14,B,Pass
STU00736,Mark Harris,mark.harris@student.edu,83.51,71.33,79.55,98.8,7,14.3,1.36,79.44,C,Pass
STU00737,James Hernandez,james.hernandez@student.edu,74.92,88.54,70.96,59.02,9,7.5,1.44,77.89,C,Pass
STU00738,Abigail Hernandez,abigail.hernandez@student.edu,79.66,100.0,92.24,60.04,8,14.0,1.86,86.2,B,Pass
STU00739,Thomas Lopez,thomas.lopez@student.edu,79.56,48.05,100.0,63.41,9,9.0,2.26,73.54,C,Pass
STU00740,Olivia Thompson,olivia.thompson@student.edu,85.42,79.64,100.0,64.59,10,14.7,3.55,80.57,B,Pass
STU00741,Steven Williams,steven.williams@student.edu,94.2,92.99,79.48,76.64,10,13.7,3.55,86.91,B,Pass
STU00742,Sarah Robinson,sarah.robinson@student.edu,77.88,78.44,94.02,54.48,10,14.6,3.51,79.74,C,Pass
STU00743,Sarah Williams,sarah.williams@student.edu,100.0,100.0,78.54,100.0,10,6.8,3.54,90.0,A,Pass
STU00744,Abigail Brown,abigail.brown@student.edu,79.47,100.0,77.7,67.54,9,15.5,3.1,82.31,B,Pass
STU00745,Harper Lewis,harper.lewis@student.edu,87.16,100.0,93.89,100.0,8,14.0,2.37,100.0,A,Pass
STU00746,Robert Moore,robert.moore@student.edu,81.91,77.11,100.0,88.86,10,19.0,2.31,92.45,A,Pass
STU00747,Emily Jackson,emily.jackson@student.edu,94.77,88.08,99.93,66.16,10,9.6,3.0,85.84,B,Pass
STU00748,Madison Moore,madison.moore@student.edu,91.36,99.32,88.5,100.0,10,16.1,3.79,96.84,A,Pass
STU00749,Amelia Thompson,amelia.thompson@student.edu,80.8,85.96,94.82,83.35,10,11.2,3.75,89.07,B,Pass
STU00750,Emma Wilson,emma.wilson@student.edu,89.64,91.43,100.0,78.67,10,12.5,2.2,87.46,B,Pass
STU00751,Matthew Thompson,matthew.thompson@student.edu,71.24,72.53,81.97,86.93,7,7.7,2.13,73.29,C,Pass
STU00752,Abigail Harris,abigail.harris@student.edu,86.83,91.03,92.67,100.0,10,9.6,3.48,91.36,A,Pass
STU00753,Emily Martinez,emily.martinez@student.edu,88.53,100.0,98.83,100.0,10,14.8,4.0,97.16,A,Pass
STU00754,Charlotte Lopez,charlotte.lopez@student.edu,93.76,71.74,75.16,69.88,6,11.7,2.61,72.98,C,Pass
STU00755,James Jackson,james.jackson@student.edu,71.24,80.84,93.64,62.01,10,8.6,3.1,82.26,B,Pass
STU00756,Paul Miller,paul.miller@student.edu,100.0,93.35,100.0,91.92,10,17.6,3.37,100.0,A,Pass
STU00757,Olivia Thompson,olivia.thompson@student.edu,93.74,96.9,86.03,100.0,10,6.5,1.99,99.3,A,Pass
STU00758,Steven Davis,steven.davis@student.edu,100.0,100.0,100.0,100.0,9,15.8,2.84,100.0,A,Pass
STU00759,James Lopez,james.lopez@student.edu,76.18,96.75,97.25,86.37,9,10.7,2.91,85.99,B,Pass
STU00760,Madison Lopez,madison.lopez@student.edu,100.0,84.38,85.85,76.45,7,13.6,2.91,87.68,B,Pass
STU00761,Emma Clark,emma.clark@student.edu,100.0,96.35,98.79,93.72,9,14.7,3.73,91.57,A,Pass
STU00762,Mia Jackson,mia.jackson@student.edu,92.25,90.55,92.8,80.47,9,11.8,2.96,91.01,A,Pass
STU00763,Joseph Lewis,joseph.lewis@student.edu,82.9,76.83,84.57,84.14,6,10.6,2.11,80.87,B,Pass
STU00764,Abigail Moore,abigail.moore@student.edu,100.0,84.45,100.0,84.33,10,14.8,2.26,88.4,B,Pass
STU00765,Madison Smith,madison.smith@student.edu,83.37,71.32,96.92,73.09,10,8.7,3.09,81.81,B,Pass
STU00766,Mia Smith,mia.smith@student.edu,76.04,87.39,100.0,80.05,10,12.1,2.73,92.76,A,Pass
STU00767,Ava Rodriguez,ava.rodriguez@student.edu,84.57,73.6,100.0,86.81,7,4.8,2.31,81.35,B,Pass
STU00768,Charlotte Hernandez,charlotte.hernandez@student.edu,87.71,98.41,87.09,91.14,9,10.6,3.45,93.37,A,Pass
STU00769,Matthew Smith,matthew.smith@student.edu,86.41,82.89,77.57,84.82,10,11.4,3.15,81.63,B,Pass
STU00770,Ava Jones,ava.jones@student.edu,88.93,89.25,87.28,76.46,9,7.2,2.34,80.89,B,Pass
STU00771,Evelyn Williams,evelyn.williams@student.edu,71.92,68.44,100.0,73.81,10,15.3,2.89,80.89,B,Pass
STU00772,Olivia Harris,olivia.harris@student.edu,74.67,87.15,86.75,67.33,9,13.2,2.7,79.72,C,Pass
STU00773,Jane Williams,jane.williams@student.edu,99.44,96.92,100.0,94.69,6,6.6,2.71,99.68,A,Pass
STU00774,Ella Miller,ella.miller@student.edu,87.98,98.93,89.7,100.0,10,8.5,2.76,92.13,A,Pass
STU00775,Anthony Wilson,anthony.wilson@student.edu,54.85,79.28,71.77,65.2,7,14.6,2.4,68.22,D,Fail
STU00776,Elizabeth Hernandez,elizabeth.hernandez@student.edu,100.0,100.0,79.93,100.0,9,6.5,2.47,94.37,A,Pass
STU00777,William Lopez,william.lopez@student.edu,93.65,88.49,87.21,72.05,7,8.9,2.76,78.06,C,Pass
STU00778,Charlotte Harris,charlotte.harris@student.edu,81.38,97.68,98.24,94.22,8,6.8,2.81,98.38,A,Pass
STU00779,Daniel Clark,daniel.clark@student.edu,71.3,87.03,95.6,79.1,9,10.9,3.11,84.04,B,Pass
STU00780,Sarah Johnson,sarah.johnson@student.edu,81.23,87.43,74.48,81.69,7,1.4,2.69,81.17,B,Pass
STU00781,Olivia Garcia,olivia.garcia@student.edu,96.68,97.73,85.54,99.11,10,7.6,2.67,97.02,A,Pass
STU00782,Emily Thompson,emily.thompson@student.edu,73.22,81.27,100.0,91.07,7,13.6,1.78,79.45,C,Pass
STU00783,Sarah Rodriguez,sarah.rodriguez@student.edu,78.13,77.35,100.0,96.62,8,7.9,3.63,89.14,B,Pass
STU00784,Donald Thompson,donald.thompson@student.edu,82.93,97.94,100.0,100.0,8,11.4,2.44,97.15,A,Pass
STU00785,Abigail Thomas,abigail.thomas@student.edu,79.69,82.08,95.17,84.45,6,7.2,2.74,83.55,B,Pass
STU00786,Donald Wilson,donald.wilson@student.edu,93.54,100.0,89.6,86.54,7,12.5,2.87,92.16,A,Pass
STU00787,Mia Miller,mia.miller@student.edu,85.93,100.0,97.91,100.0,6,12.1,3.67,95.4,A,Pass
STU00788,Paul Brown,paul.brown@student.edu,77.74,72.24,82.06,58.54,10,5.9,2.24,78.25,C,Pass
STU00789,Matthew Wilson,matthew.wilson@student.edu,70.05,94.48,88.51,87.58,8,13.2,1.63,89.79,B,Pass
STU00790,Emma Martinez,emma.martinez@student.edu,91.29,98.53,100.0,90.79,10,12.5,2.06,95.71,A,Pass
STU00791,Sofia Taylor,sofia.taylor@student.edu,83.82,100.0,88.28,73.71,8,13.0,3.54,87.93,B,Pass
STU00792,Charlotte Johnson,charlotte.johnson@student.edu,100.0,77.42,94.28,84.93,9,13.7,3.64,88.41,B,Pass
STU00793,Joseph Gonzalez,joseph.gonzalez@student.edu,87.46,86.35,82.63,83.61,9,10.6,3.21,84.77,B,Pass
STU00794,Emily Smith,emily.smith@student.edu,79.77,100.0,79.18,78.25,10,11.9,2.82,83.21,B,Pass
STU00795,Isabella Martinez,isabella.martinez@student.edu,59.17,77.84,100.0,62.89,3,12.9,1.99,67.56,D,Fail
STU00796,Isabella Clark,isabella.clark@student.edu,81.57,99.85,100.0,100.0,8,17.2,3.34,88.29,B,Pass
STU00797,Robert Clark,robert.clark@student.edu,78.95,80.34,98.78,100.0,8,8.9,2.31,92.92,A,Pass
STU00798,Thomas Martinez,thomas.martinez@student.edu,94.14,91.4,100.0,76.69,8,12.3,3.01,88.76,B,Pass
STU00799,Daniel Brown,daniel.brown@student.edu,85.07,75.65,100.0,97.09,5,17.2,3.06,85.94,B,Pass
STU00800,John Thomas,john.thomas@student.edu,70.2,87.8,84.26,66.15,10,7.0,1.85,75.78,C,Pass
STU00801,Abigail Garcia,abigail.garcia@student.edu,81.33,89.19,93.35,100.0,8,8.7,3.0,91.76,A,Pass
STU00802,Robert Gonzalez,robert.gonzalez@student.edu,87.08,86.75,74.89,86.38,10,11.8,2.54,83.03,B,Pass
STU00803,Andrew White,andrew.white@student.edu,85.06,88.73,85.11,75.87,10,16.0,2.03,85.6,B,Pass
STU00804,Joseph Taylor,joseph.taylor@student.edu,74.2,100.0,100.0,88.78,7,13.0,2.47,82.47,B,Pass
STU00805,Madison Robinson,madison.robinson@student.edu,80.91,74.82,70.28,70.57,10,4.5,1.91,77.64,C,Pass
STU00806,Matthew Williams,matthew.williams@student.edu,64.47,88.97,90.99,73.2,6,8.8,1.66,77.58,C,Pass
STU00807,Evelyn Harris,evelyn.harris@student.edu,74.51,94.24,76.61,75.19,5,10.2,1.45,74.67,C,Pass
STU00808,Michael Wilson,michael.wilson@student.edu,73.47,87.7,87.4,68.23,8,14.2,2.09,81.65,B,Pass
STU00809,Jane Anderson,jane.anderson@student.edu,71.88,79.16,95.26,75.52,8,13.4,2.08,80.32,B,Pass
STU00810,David Hernandez,david.hernandez@student.edu,66.09,79.45,87.43,68.14,7,2.2,2.88,76.55,C,Pass
STU00811,Abigail Jackson,abigail.jackson@student.edu,77.22,73.5,89.52,100.0,8,4.3,3.22,81.12,B,Pass
STU00812,Evelyn White,evelyn.white@student.edu,86.29,82.37,100.0,98.83,7,17.4,3.04,91.39,A,Pass
STU00813,Mark Martinez,mark.martinez@student.edu,86.33,89.13,100.0,77.18,10,17.5,3.4,85.42,B,Pass
STU00814,Emma Gonzalez,emma.gonzalez@student.edu,99.88,97.71,84.58,100.0,10,11.8,3.44,98.2,A,Pass
STU00815,Jane Hernandez,jane.hernandez@student.edu,83.17,75.97,100.0,88.9,3,9.5,2.34,82.71,B,Pass
STU00816,William Lewis,william.lewis@student.edu,79.27,94.35,100.0,97.27,8,10.9,2.59,92.67,A,Pass
STU00817,Elizabeth Robinson,elizabeth.robinson@student.edu,89.85,90.89,100.0,100.0,8,8.4,2.81,96.66,A,Pass
STU00818,Harper Williams,harper.williams@student.edu,75.98,73.76,93.84,47.46,5,13.2,2.23,69.63,D,Fail
STU00819,Abigail Brown,abigail.brown@student.edu,68.45,70.94,89.67,85.5,8,10.2,2.85,83.27,B,Pass
STU00820,Sophia Wilson,sophia.wilson@student.edu,82.39,66.97,87.72,92.81,10,9.1,3.04,88.44,B,Pass
STU00821,Evelyn Taylor,evelyn.taylor@student.edu,81.16,100.0,95.75,100.0,10,16.6,2.62,95.53,A,Pass
STU00822,Sarah Gonzalez,sarah.gonzalez@student.edu,83.33,76.16,100.0,81.02,9,17.0,2.93,89.26,B,Pass
STU00823,Charlotte Harris,charlotte.harris@student.edu,84.71,60.73,84.37,78.17,8,6.8,2.43,71.9,C,Pass
STU00824,Amelia Davis,amelia.davis@student.edu,100.0,90.81,90.13,95.87,9,13.9,3.76,89.67,B,Pass
STU00825,Amelia Clark,amelia.clark@student.edu,70.01,97.81,81.83,77.96,4,10.9,3.68,84.13,B,Pass
STU00826,William Williams,william.williams@student.edu,89.26,92.12,91.47,69.17,7,10.3,2.03,84.14,B,Pass
STU00827,Paul Lee,paul.lee@student.edu,88.46,99.56,80.74,100.0,10,11.5,2.33,93.34,A,Pass
STU00828,Emma Taylor,emma.taylor@student.edu,72.88,89.16,73.08,81.98,9,20.0,3.45,80.87,B,Pass
STU00829,Paul Miller,paul.miller@student.edu,85.77,95.81,77.44,92.18,6,2.6,2.41,86.59,B,Pass
STU00830,Matthew Lopez,matthew.lopez@student.edu,75.22,75.92,89.47,64.14,7,8.1,2.56,75.54,C,Pass
STU00831,Olivia Davis,olivia.davis@student.edu,72.17,81.08,84.34,100.0,9,17.5,2.14,83.37,B,Pass
STU00832,James Jones,james.jones@student.edu,89.89,86.56,88.2,92.28,8,13.7,3.46,93.69,A,Pass
STU00833,Thomas Miller,thomas.miller@student.edu,79.08,93.53,100.0,85.04,10,16.2,2.04,83.38,B,Pass
STU00834,Ava Martin,ava.martin@student.edu,69.3,75.25,86.69,87.77,8,7.0,2.37,78.83,C,Pass
STU00835,Olivia Clark,olivia.clark@student.edu,94.47,100.0,96.19,85.7,8,12.5,3.02,90.99,A,Pass
STU00836,David Garcia,david.garcia@student.edu,90.21,88.74,94.52,93.21,8,12.3,2.61,87.87,B,Pass
STU00837,Sofia Anderson,sofia.anderson@student.edu,83.47,73.32,84.37,85.83,10,6.7,1.75,80.16,B,Pass
STU00838,Donald Thompson,donald.thompson@student.edu,75.69,80.13,100.0,85.28,4,17.3,3.4,77.51,C,Pass
STU00839,Daniel Lee,daniel.lee@student.edu,79.12,80.77,100.0,84.36,10,6.6,2.65,92.44,A,Pass
STU00840,Daniel Jones,daniel.jones@student.edu,68.67,90.59,100.0,88.92,10,14.5,3.66,92.76,A,Pass
STU00841,Donald Williams,donald.williams@student.edu,89.04,63.43,93.35,96.08,7,16.6,3.14,82.9,B,Pass
STU00842,Steven Anderson,steven.anderson@student.edu,97.68,86.18,100.0,85.16,10,17.5,2.17,94.02,A,Pass
STU00843,Charlotte Lewis,charlotte.lewis@student.edu,100.0,81.57,81.8,80.23,6,13.9,3.29,77.42,C,Pass
STU00844,Mia Jackson,mia.jackson@student.edu,71.45,84.36,78.08,76.93,10,6.7,2.2,78.26,C,Pass
STU00845,Emily Lopez,emily.lopez@student.edu,63.79,53.26,90.34,76.6,10,12.7,2.64,75.09,C,Pass
STU00846,Paul Williams,paul.williams@student.edu,89.43,100.0,72.39,92.22,10,11.8,3.29,90.41,A,Pass
STU00847,Charlotte Anderson,charlotte.anderson@student.edu,88.63,88.06,70.48,65.95,7,11.1,3.79,78.88,C,Pass
STU00848,Donald Johnson,donald.johnson@student.edu,94.86,90.43,100.0,95.26,9,13.9,3.32,93.85,A,Pass
STU00849,Emily Lopez,emily.lopez@student.edu,95.82,75.9,83.49,91.86,9,10.7,3.21,84.82,B,Pass
STU00850,Charles Williams,charles.williams@student.edu,84.67,100.0,100.0,100.0,8,10.2,3.33,99.39,A,Pass
STU00851,Sarah Martin,sarah.martin@student.edu,57.65,94.2,70.49,75.76,6,6.8,2.23,76.85,C,Pass
STU00852,Paul Gonzalez,paul.gonzalez@student.edu,87.29,64.91,78.74,47.53,6,5.9,2.57,67.43,D,Fail
STU00853,Elizabeth Jackson,elizabeth.jackson@student.edu,78.08,70.22,100.0,100.0,7,3.3,1.62,87.94,B,Pass
STU00854,Madison Lewis,madison.lewis@student.edu,71.29,81.35,84.77,75.04,9,10.1,3.25,77.73,C,Pass
STU00855,Michael Anderson,michael.anderson@student.edu,84.4,71.86,100.0,62.61,8,10.7,2.11,78.5,C,Pass
STU00856,Richard Hernandez,richard.hernandez@student.edu,100.0,78.37,100.0,97.03,10,8.6,2.42,95.28,A,Pass
STU00857,Steven Taylor,steven.taylor@student.edu,78.8,74.61,88.99,58.76,8,10.0,4.0,80.49,B,Pass
STU00858,Olivia Johnson,olivia.johnson@student.edu,78.27,94.87,80.83,100.0,10,10.6,2.89,91.44,A,Pass
STU00859,Donald Brown,donald.brown@student.edu,94.91,84.51,93.92,73.16,10,15.7,2.79,89.13,B,Pass
STU00860,Amelia White,amelia.white@student.edu,66.48,67.32,88.61,66.13,7,8.2,1.99,67.61,D,Fail
STU00861,Sarah Taylor,sarah.taylor@student.edu,77.27,82.56,91.63,74.54,5,11.6,2.91,84.19,B,Pass
STU00862,Ava Johnson,ava.johnson@student.edu,92.21,100.0,80.67,96.56,8,10.5,2.42,89.52,B,Pass
STU00863,Sophia White,sophia.white@student.edu,81.43,62.97,95.13,80.24,9,6.2,2.37,79.4,C,Pass
STU00864,Donald Anderson,donald.anderson@student.edu,71.26,79.39,80.09,66.47,4,12.3,2.58,75.19,C,Pass
STU00865,Ella Taylor,ella.taylor@student.edu,92.63,77.79,87.33,100.0,10,15.4,2.39,90.08,A,Pass
STU00866,William Lopez,william.lopez@student.edu,89.1,77.51,70.79,59.96,9,9.4,2.95,71.04,C,Pass
STU00867,Harper Martinez,harper.martinez@student.edu,75.97,90.25,87.49,86.16,10,7.2,2.76,88.81,B,Pass
STU00868,Anthony Wilson,anthony.wilson@student.edu,84.04,71.1,87.42,92.76,10,11.5,3.67,88.31,B,Pass
STU00869,Amelia Thompson,amelia.thompson@student.edu,60.23,92.63,83.17,91.5,5,13.8,1.72,84.37,B,Pass
STU00870,Emily Lewis,emily.lewis@student.edu,69.62,57.0,84.0,93.81,10,7.2,1.92,79.44,C,Pass
STU00871,Amelia Williams,amelia.williams@student.edu,92.34,87.46,98.52,99.85,8,13.9,3.47,93.08,A,Pass
STU00872,Amelia Brown,amelia.brown@student.edu,73.16,86.17,100.0,100.0,10,14.8,2.76,92.59,A,Pass
STU00873,Madison Thompson,madison.thompson@student.edu,100.0,72.57,87.84,100.0,9,16.0,2.99,87.09,B,Pass
STU00874,Anthony Martinez,anthony.martinez@student.edu,66.21,100.0,82.51,85.5,9,7.9,2.05,88.82,B,Pass
STU00875,Thomas Harris,thomas.harris@student.edu,80.53,87.61,100.0,84.3,9,17.0,3.37,90.25,A,Pass
STU00876,Olivia Hernandez,olivia.hernandez@student.edu,93.5,80.68,95.56,99.29,10,5.4,3.27,96.97,A,Pass
STU00877,Sarah Jackson,sarah.jackson@student.edu,90.95,96.66,100.0,100.0,8,19.0,3.61,97.02,A,Pass
STU00878,Olivia Lopez,olivia.lopez@student.edu,96.8,87.84,100.0,73.37,8,8.1,2.78,87.92,B,Pass
STU00879,Charlotte Lee,charlotte.lee@student.edu,90.52,78.19,85.15,87.63,6,14.6,3.48,80.72,B,Pass
STU00880,Evelyn Jones,evelyn.jones@student.edu,100.0,100.0,77.56,78.9,5,8.3,3.1,81.77,B,Pass
STU00881,Sarah Martinez,sarah.martinez@student.edu,90.91,69.87,100.0,78.91,9,10.9,3.26,84.55,B,Pass
STU00882,Madison Gonzalez,madison.gonzalez@student.edu,89.86,87.21,97.92,96.25,9,5.5,2.04,87.65,B,Pass
STU00883,Amelia Robinson,amelia.robinson@student.edu,100.0,99.41,100.0,100.0,8,11.2,2.64,98.2,A,Pass
STU00884,Robert Thompson,robert.thompson@student.edu,80.86,79.92,100.0,61.09,10,8.1,2.94,79.57,C,Pass
STU00885,Ella Williams,ella.williams@student.edu,87.2,100.0,100.0,100.0,10,14.7,1.98,97.61,A,Pass
STU00886,Abigail Taylor,abigail.taylor@student.edu,77.24,82.33,92.07,57.85,9,17.0,3.01,72.99,C,Pass
STU00887,Harper Smith,harper.smith@student.edu,79.39,100.0,79.34,100.0,10,15.1,2.83,86.59,B,Pass
STU00888,Harper Martinez,harper.martinez@student.edu,81.23,71.23,90.91,79.44,9,13.7,4.0,80.69,B,Pass
STU00889,Ava Miller,ava.miller@student.edu,66.55,78.98,62.1,74.34,6,10.8,3.18,70.33,C,Pass
STU00890,Amelia Clark,amelia.clark@student.edu,98.55,83.75,100.0,88.46,8,9.4,3.59,92.9,A,Pass
STU00891,Sofia Miller,sofia.miller@student.edu,77.91,80.55,99.51,62.46,8,7.7,2.54,82.19,B,Pass
STU00892,Joseph Jones,joseph.jones@student.edu,83.84,90.01,100.0,94.06,8,17.1,2.92,93.14,A,Pass
STU00893,Olivia Williams,olivia.williams@student.edu,76.76,97.64,54.19,81.23,8,8.4,2.41,72.74,C,Pass
STU00894,Charles Lewis,charles.lewis@student.edu,90.83,59.3,100.0,72.29,10,13.9,2.99,83.75,B,Pass
STU00895,James Taylor,james.taylor@student.edu,77.51,61.59,100.0,70.06,7,13.2,2.27,75.33,C,Pass
STU00896,Andrew Robinson,andrew.robinson@student.edu,90.3,72.71,86.36,80.18,10,11.7,2.96,83.02,B,Pass
STU00897,Ella Johnson,ella.johnson@student.edu,82.42,84.82,91.1,94.7,10,13.1,3.45,91.1,A,Pass
STU00898,Amelia Clark,amelia.clark@student.edu,83.41,75.5,92.33,79.15,10,9.2,3.51,81.46,B,Pass
STU00899,Robert Martin,robert.martin@student.edu,63.48,100.0,85.61,60.61,8,14.4,2.83,79.18,C,Pass
STU00900,Anthony Jones,anthony.jones@student.edu,91.23,96.41,100.0,95.45,10,15.5,2.75,92.21,A,Pass
STU00901,William Garcia,william.garcia@student.edu,92.55,79.67,77.36,83.36,10,12.0,2.88,88.45,B,Pass
STU00902,William Harris,william.harris@student.edu,100.0,90.16,86.78,85.49,10,14.7,2.04,92.3,A,Pass
STU00903,Donald Johnson,donald.johnson@student.edu,71.08,67.56,100.0,51.67,8,17.1,2.45,82.82,B,Pass
STU00904,Mark Lopez,mark.lopez@student.edu,83.39,81.51,88.73,93.38,7,7.1,2.79,90.48,A,Pass
STU00905,Sophia Anderson,sophia.anderson@student.edu,78.45,100.0,90.77,95.61,7,14.8,2.95,87.37,B,Pass
STU00906,Charles Clark,charles.clark@student.edu,77.53,76.19,95.9,76.16,8,10.7,3.21,81.74,B,Pass
STU00907,Donald Davis,donald.davis@student.edu,81.61,69.05,93.47,93.9,10,3.4,1.65,91.81,A,Pass
STU00908,Andrew Davis,andrew.davis@student.edu,77.91,100.0,100.0,95.74,9,14.1,2.75,98.7,A,Pass
STU00909,Charlotte Lewis,charlotte.lewis@student.edu,92.3,87.43,93.32,79.91,6,8.8,2.71,85.72,B,Pass
STU00910,Steven Robinson,steven.robinson@student.edu,100.0,83.34,86.24,86.95,9,11.8,3.34,90.44,A,Pass
STU00911,Richard Lopez,richard.lopez@student.edu,100.0,95.67,100.0,84.53,10,16.1,2.34,98.19,A,Pass
STU00912,Donald Anderson,donald.anderson@student.edu,57.05,71.99,78.43,58.86,8,12.6,3.32,67.62,D,Fail
STU00913,Charles Clark,charles.clark@student.edu,74.37,92.14,77.08,75.87,7,6.4,2.31,80.44,B,Pass
STU00914,Anthony Taylor,anthony.taylor@student.edu,95.59,95.91,73.17,74.11,8,0.0,3.07,80.87,B,Pass
STU00915,Ella Wilson,ella.wilson@student.edu,73.49,94.6,71.85,97.44,9,4.1,2.93,80.57,B,Pass
STU00916,William Robinson,william.robinson@student.edu,81.35,89.24,96.04,99.58,10,11.9,3.18,94.64,A,Pass
STU00917,Richard Lewis,richard.lewis@student.edu,100.0,96.75,100.0,100.0,10,8.1,1.97,100.0,A,Pass
STU00918,Robert Rodriguez,robert.rodriguez@student.edu,84.07,94.35,78.83,91.44,10,4.6,2.78,86.04,B,Pass
STU00919,Emily Lee,emily.lee@student.edu,74.42,63.86,75.31,89.01,6,7.0,2.53,74.59,C,Pass
STU00920,Steven Lopez,steven.lopez@student.edu,95.6,100.0,100.0,96.12,7,15.7,2.5,100.0,A,Pass
STU00921,Madison Brown,madison.brown@student.edu,92.32,84.37,100.0,100.0,10,13.3,2.34,93.53,A,Pass
STU00922,Ella Brown,ella.brown@student.edu,82.23,83.4,83.77,58.5,10,8.0,2.03,84.67,B,Pass
STU00923,Charles Williams,charles.williams@student.edu,91.12,96.69,100.0,100.0,8,14.6,3.08,93.45,A,Pass
STU00924,William Rodriguez,william.rodriguez@student.edu,80.09,90.36,95.98,100.0,10,12.6,2.65,93.83,A,Pass
STU00925,Donald Taylor,donald.taylor@student.edu,80.52,60.78,100.0,82.26,9,8.7,2.02,85.93,B,Pass
STU00926,Olivia Robinson,olivia.robinson@student.edu,81.01,85.23,84.72,100.0,8,13.1,2.42,89.74,B,Pass
STU00927,Abigail Williams,abigail.williams@student.edu,88.9,91.91,93.47,97.13,10,14.1,1.67,88.67,B,Pass
STU00928,Joseph Robinson,joseph.robinson@student.edu,86.15,81.76,85.45,83.98,7,8.9,3.27,85.81,B,Pass
STU00929,Donald Lopez,donald.lopez@student.edu,75.35,70.16,91.24,59.39,8,11.6,1.72,70.23,C,Pass
STU00930,Jane Wilson,jane.wilson@student.edu,80.87,86.25,79.99,81.92,6,8.5,3.08,82.06,B,Pass
STU00931,Emily Gonzalez,emily.gonzalez@student.edu,90.21,100.0,84.26,100.0,10,20.0,3.86,93.14,A,Pass
STU00932,Paul Lopez,paul.lopez@student.edu,83.13,92.71,81.37,99.54,7,12.1,3.54,84.73,B,Pass
STU00933,Sophia Gonzalez,sophia.gonzalez@student.edu,75.1,69.9,85.02,76.57,6,13.5,2.25,71.68,C,Pass
STU00934,Sarah Lopez,sarah.lopez@student.edu,86.77,82.18,87.38,93.25,10,10.6,4.0,87.8,B,Pass
STU00935,Joseph Smith,joseph.smith@student.edu,79.34,100.0,71.56,87.03,10,15.2,2.06,85.49,B,Pass
STU00936,Daniel Brown,daniel.brown@student.edu,77.74,82.09,87.45,75.21,10,12.5,2.66,84.23,B,Pass
STU00937,Amelia Lewis,amelia.lewis@student.edu,82.11,80.48,88.74,84.13,6,15.1,2.95,80.15,B,Pass
STU00938,Olivia Jones,olivia.jones@student.edu,54.71,83.74,100.0,86.02,9,19.5,2.49,84.95,B,Pass
STU00939,Michael Martinez,michael.martinez@student.edu,84.05,67.74,74.04,67.04,10,1.8,2.4,82.03,B,Pass
STU00940,Steven White,steven.white@student.edu,72.88,87.49,100.0,86.36,3,10.0,2.93,84.4,B,Pass
STU00941,Robert Clark,robert.clark@student.edu,88.72,88.47,87.32,77.78,10,6.4,3.39,85.49,B,Pass
STU00942,Steven Anderson,steven.anderson@student.edu,92.15,86.67,85.15,81.43,8,1.6,1.91,81.91,B,Pass
STU00943,John Williams,john.williams@student.edu,75.34,71.47,86.3,77.66,10,2.6,2.54,84.21,B,Pass
STU00944,Jane Rodriguez,jane.rodriguez@student.edu,87.29,79.17,100.0,100.0,10,14.8,3.43,98.64,A,Pass
STU00945,Isabella Robinson,isabella.robinson@student.edu,87.98,84.72,99.68,91.15,7,5.2,1.88,88.44,B,Pass
STU00946,Olivia Moore,olivia.moore@student.edu,89.13,92.46,90.61,68.68,8,5.2,1.88,80.63,B,Pass
STU00947,Ella Wilson,ella.wilson@student.edu,76.67,84.04,82.28,100.0,7,10.7,3.51,80.88,B,Pass
STU00948,Emma Clark,emma.clark@student.edu,71.92,63.32,97.36,87.33,8,8.9,1.51,84.89,B,Pass
STU00949,Charles Davis,charles.davis@student.edu,75.6,91.6,90.75,90.26,7,9.1,3.2,88.31,B,Pass
STU00950,Charlotte Brown,charlotte.brown@student.edu,96.2,81.22,78.42,69.41,10,10.3,2.35,82.46,B,Pass
STU00951,Emily Davis,emily.davis@student.edu,88.47,75.76,94.01,76.09,7,9.4,2.72,79.82,C,Pass
STU00952,Mark Lee,mark.lee@student.edu,85.23,42.26,83.45,62.24,10,11.0,2.57,66.53,D,Fail
STU00953,Elizabeth Williams,elizabeth.williams@student.edu,71.36,93.91,86.16,79.74,6,17.8,2.9,79.46,C,Pass
STU00954,Emma Robinson,emma.robinson@student.edu,100.0,100.0,86.32,99.66,10,17.4,4.0,93.93,A,Pass
STU00955,Sofia Martin,sofia.martin@student.edu,100.0,90.56,89.6,87.36,10,15.6,3.38,86.4,B,Pass
STU00956,Andrew Smith,andrew.smith@student.edu,73.37,81.58,95.94,78.5,4,9.5,1.56,85.14,B,Pass
STU00957,Paul Jackson,paul.jackson@student.edu,92.05,79.17,88.15,91.61,10,6.2,2.2,87.54,B,Pass
STU00958,Sophia White,sophia.white@student.edu,96.16,73.65,100.0,90.54,8,4.9,3.71,90.46,A,Pass
STU00959,Olivia Martinez,olivia.martinez@student.edu,76.38,82.35,93.11,84.92,10,15.2,3.34,80.51,B,Pass
STU00960,Abigail Smith,abigail.smith@student.edu,76.62,74.92,86.68,33.15,7,10.8,3.0,64.55,D,Fail
STU00961,Matthew Davis,matthew.davis@student.edu,83.45,100.0,98.99,100.0,8,9.0,3.12,96.89,A,Pass
STU00962,Mark Garcia,mark.garcia@student.edu,87.4,79.59,100.0,87.23,10,10.5,2.66,94.18,A,Pass
STU00963,Sarah Taylor,sarah.taylor@student.edu,91.54,94.87,98.58,81.22,8,7.2,3.42,93.38,A,Pass
STU00964,Harper Williams,harper.williams@student.edu,97.47,88.16,86.46,77.93,10,9.5,2.34,83.76,B,Pass
STU00965,Ella Moore,ella.moore@student.edu,96.25,99.52,89.37,100.0,9,12.6,2.65,91.95,A,Pass
STU00966,Paul Lewis,paul.lewis@student.edu,85.14,92.84,100.0,75.55,6,17.1,2.7,81.02,B,Pass
STU00967,Paul Moore,paul.moore@student.edu,100.0,95.63,93.67,95.75,10,12.7,3.02,91.25,A,Pass
STU00968,Jane Gonzalez,jane.gonzalez@student.edu,92.1,100.0,100.0,96.59,8,16.1,4.0,97.76,A,Pass
STU00969,Steven Johnson,steven.johnson@student.edu,99.35,92.15,100.0,100.0,10,8.8,3.03,98.89,A,Pass
STU00970,Anthony Lopez,anthony.lopez@student.edu,86.97,87.27,81.2,100.0,6,9.7,3.29,82.27,B,Pass
STU00971,Thomas Harris,thomas.harris@student.edu,77.68,96.62,100.0,93.79,10,16.0,3.59,89.08,B,Pass
STU00972,Jane Lopez,jane.lopez@student.edu,94.99,93.14,97.69,100.0,10,17.1,3.22,98.77,A,Pass
STU00973,David Lopez,david.lopez@student.edu,84.84,72.95,85.36,93.49,9,8.8,3.42,92.5,A,Pass
STU00974,Sophia Harris,sophia.harris@student.edu,85.64,80.11,92.19,100.0,9,12.1,2.92,87.54,B,Pass
STU00975,James Clark,james.clark@student.edu,81.96,97.6,74.87,81.22,9,8.7,2.24,79.22,C,Pass
STU00976,Amelia Jones,amelia.jones@student.edu,73.54,82.24,83.34,73.72,9,7.9,2.3,85.03,B,Pass
STU00977,Michael Lopez,michael.lopez@student.edu,94.69,82.15,90.83,82.95,9,5.9,3.78,87.64,B,Pass
STU00978,Andrew Hernandez,andrew.hernandez@student.edu,77.78,83.46,91.64,96.69,7,7.3,2.45,87.47,B,Pass
STU00979,Ava Robinson,ava.robinson@student.edu,86.3,90.66,100.0,78.58,8,17.4,3.38,90.49,A,Pass
STU00980,Elizabeth White,elizabeth.white@student.edu,88.1,77.82,99.76,87.64,8,11.3,3.19,86.44,B,Pass
STU00981,Steven Lee,steven.lee@student.edu,90.39,82.11,100.0,100.0,7,9.7,2.76,91.29,A,Pass
STU00982,Ava Lewis,ava.lewis@student.edu,100.0,85.82,98.11,100.0,7,9.5,2.41,90.42,A,Pass
STU00983,Robert Williams,robert.williams@student.edu,51.88,78.71,97.72,82.87,4,6.6,2.08,74.68,C,Pass
STU00984,Elizabeth Johnson,elizabeth.johnson@student.edu,91.23,94.07,77.79,96.42,10,7.0,2.52,96.46,A,Pass
STU00985,Charles Miller,charles.miller@student.edu,100.0,86.14,89.47,94.5,8,10.4,4.0,91.72,A,Pass
STU00986,Michael Lewis,michael.lewis@student.edu,92.9,86.24,93.35,96.59,10,9.1,2.01,88.01,B,Pass
STU00987,Richard Johnson,richard.johnson@student.edu,87.42,100.0,80.51,76.52,5,11.2,3.15,80.72,B,Pass
STU00988,Daniel Martinez,daniel.martinez@student.edu,74.59,79.26,75.21,62.08,9,12.7,3.6,70.81,C,Pass
STU00989,Paul Gonzalez,paul.gonzalez@student.edu,88.19,85.77,100.0,100.0,10,12.7,3.47,96.37,A,Pass
STU00990,Andrew Thomas,andrew.thomas@student.edu,79.98,87.54,89.76,80.97,7,13.5,2.67,84.97,B,Pass
STU00991,Thomas Johnson,thomas.johnson@student.edu,75.37,100.0,92.29,99.8,6,17.9,3.59,90.75,A,Pass
STU00992,Richard Martinez,richard.martinez@student.edu,91.02,99.5,86.6,100.0,9,6.0,2.99,96.73,A,Pass
STU00993,Matthew Clark,matthew.clark@student.edu,92.3,92.89,81.58,91.99,6,18.6,1.47,87.79,B,Pass
STU00994,Emily Lee,emily.lee@student.edu,96.44,96.93,100.0,98.18,6,8.3,3.05,97.18,A,Pass
STU00995,Amelia Rodriguez,amelia.rodriguez@student.edu,96.71,100.0,89.32,100.0,10,5.7,2.64,95.69,A,Pass
STU00996,Emma Lewis,emma.lewis@student.edu,74.31,98.51,89.09,83.92,10,17.4,2.42,87.89,B,Pass
STU00997,Harper Wilson,harper.wilson@student.edu,98.76,100.0,93.73,90.6,10,15.6,2.56,96.86,A,Pass
STU00998,Evelyn Harris,evelyn.harris@student.edu,81.89,67.29,83.58,70.17,8,13.3,2.21,81.21,B,Pass
STU00999,Donald Gonzalez,donald.gonzalez@student.edu,86.92,80.37,92.85,94.22,10,8.5,2.94,89.83,B,Pass
STU01000,Amelia Garcia,amelia.garcia@student.edu,81.84,100.0,100.0,85.51,10,17.2,3.78,99.89,A,Pass
